Workbook

Sheet data
A1: GameID | B1: OPts(Test) | C1: OPassCmp | D1: OPassAtt | E1: OPassPct | F1: OPassYds | G1: OPassTD | H1: ORushAtt | I1: ORushYds | J1: ORushAvg | K1: ORushTD | L1: OTOPlays | M1: OTOYds | N1: OTOAvg | O1: OFDPass | P1: OFDRush | Q1: OFDPen | R1: OFDTot | S1: OPNo | T1: OPYds | U1: OTurnFum | V1: OTurnInt | W1: OTurnTot | X1: DPassCmp | Y1: DPassAtt | Z1: DPassPct | AA1: DPassYds | AB1: DPassTD | AC1: DRushAtt | AD1: DRushYds | AE1: DRushAvg | AF1: DRushTD | AG1: DTOPlays | AH1: DTOYds | AI1: DTOAvg | AJ1: DFDPass | AK1: DFDRush | AL1: DFDPen | AM1: DFDTot | AN1: DPNo | AO1: DPYds | AP1: DTurnFum | AQ1: DTurnInt | AR1: DTurnTO
A2: =CONCATENATE(Scores!A2,"+++",Scores!C2) -> Georgia Tech+++Florida State | B2: =Scores!B2 -> 24 | C2: {=XLOOKUP(LEFT(A2,SEARCH("+",A2)-1),'Offensive Data'!$A$2:$A$134,'Offensive Data'!$D$2:$X$134)} -> 20.7 | D2: 31.7 | E2: 65.3 | F2: 237.5 | G2: 1.3 | H2: 37.8 | I2: 187 | J2: 5 | K2: 2.2 | L2: 69.5 | M2: 424.5 | N2: 6.1 | O2: 10.6 | P2: 9.7 | Q2: 1.3 | R2: 21.6 | S2: 5.4 | T2: 43.3 | U2: 0.2 | V2: 0.5 | W2: 0.8 | X2: {=XLOOKUP(MID(A2, SEARCH("+++", A2) + 3, LEN(A2)),'Defensive Data'!$A$2:$A$134,'Defensive Data'!$D$2:$X$134)} -> 17 | Y2: 27.2 | Z2: 62.6 | AA2: 201.3 | AB2: 1.3 | AC2: 39.8 | AD2: 184.7 | AE2: 4.6 | AF2: 1.8 | AG2: 66.9 | AH2: 385.9 | AI2: 5.8 | AJ2: 9.2 | AK2: 9.7 | AL2: 2.1 | AM2: 20.9 | AN2: 4.8 | AO2: 43.8 | AP2: 0.2 | AQ2: 0.3 | AR2: 0.5
A3: =CONCATENATE(Scores!A3,"+++",Scores!C3) -> Montana State+++New Mexico | B3: =Scores!B3 -> 35 | C3: {=XLOOKUP(LEFT(A3,SEARCH("+",A3)-1),'Offensive Data'!$A$2:$A$134,'Offensive Data'!$D$2:$X$134)} -> #N/A | X3: {=XLOOKUP(MID(A3, SEARCH("+++", A3) + 3, LEN(A3)),'Defensive Data'!$A$2:$A$134,'Defensive Data'!$D$2:$X$134)} -> 21.3 | Y3: 33 | Z3: 64.6 | AA3: 279.2 | AB3: 2.5 | AC3: 39.3 | AD3: 212.9 | AE3: 5.4 | AF3: 2.3 | AG3: 72.3 | AH3: 492.1 | AI3: 6.8 | AJ3: 11.7 | AK3: 10.6 | AL3: 2.4 | AM3: 24.7 | AN3: 7 | AO3: 65.4 | AP3: 0.6 | AQ3: 0.3 | AR3: 0.8
A4: =CONCATENATE(Scores!A4,"+++",Scores!C4) -> Southern Methodist+++Nevada | B4: =Scores!B4 -> 29 | C4: {=XLOOKUP(LEFT(A4,SEARCH("+",A4)-1),'Offensive Data'!$A$2:$A$134,'Offensive Data'!$D$2:$X$134)} -> #N/A | X4: {=XLOOKUP(MID(A4, SEARCH("+++", A4) + 3, LEN(A4)),'Defensive Data'!$A$2:$A$134,'Defensive Data'!$D$2:$X$134)} -> 16.2 | Y4: 26.7 | Z4: 60.5 | AA4: 198.6 | AB4: 1 | AC4: 38.2 | AD4: 192.8 | AE4: 5.1 | AF4: 2.4 | AG4: 64.8 | AH4: 391.5 | AI4: 6 | AJ4: 9.7 | AK4: 10.4 | AL4: 2.8 | AM4: 22.8 | AN4: 5.4 | AO4: 49.2 | AP4: 0.2 | AQ4: 0.8 | AR4: 1
A5: =CONCATENATE(Scores!A5,"+++",Scores!C5) -> Hawaii+++Delaware State | B5: =Scores!B5 -> 35 | C5: {=XLOOKUP(LEFT(A5,SEARCH("+",A5)-1),'Offensive Data'!$A$2:$A$134,'Offensive Data'!$D$2:$X$134)} -> 23.8 | D5: 40 | E5: 59.6 | F5: 268.2 | G5: 2.1 | H5: 28.3 | I5: 97.7 | J5: 3.4 | K5: 0.6 | L5: 68.3 | M5: 365.8 | N5: 5.4 | O5: 12.5 | P5: 5.9 | Q5: 2.3 | R5: 20.8 | S5: 8 | T5: 70.3 | U5: 0.3 | V5: 1.3 | W5: 1.6 | X5: {=XLOOKUP(MID(A5, SEARCH("+++", A5) + 3, LEN(A5)),'Defensive Data'!$A$2:$A$134,'Defensive Data'!$D$2:$X$134)} -> #N/A
A6: =CONCATENATE(Scores!A6,"+++",Scores!C6) -> Alabama-Birmingham+++Alcorn State | B6: =Scores!B6 -> 41 | C6: {=XLOOKUP(LEFT(A6,SEARCH("+",A6)-1),'Offensive Data'!$A$2:$A$134,'Offensive Data'!$D$2:$X$134)} -> #N/A | X6: {=XLOOKUP(MID(A6, SEARCH("+++", A6) + 3, LEN(A6)),'Defensive Data'!$A$2:$A$134,'Defensive Data'!$D$2:$X$134)} -> #N/A
A7: =CONCATENATE(Scores!A7,"+++",Scores!C7) -> Arkansas+++Arkansas-Pine Bluff | B7: =Scores!B7 -> 70 | C7: {=XLOOKUP(LEFT(A7,SEARCH("+",A7)-1),'Offensive Data'!$A$2:$A$134,'Offensive Data'!$D$2:$X$134)} -> 19.6 | D7: 31.8 | E7: 61.6 | F7: 274.7 | G7: 1.2 | H7: 38 | I7: 184.8 | J7: 4.9 | K7: 2.6 | L7: 69.8 | M7: 459.5 | N7: 6.6 | O7: 11.5 | P7: 11.5 | Q7: 1.2 | R7: 24.2 | S7: 7.2 | T7: 59.8 | U7: 1.1 | V7: 0.7 | W7: 1.8 | X7: {=XLOOKUP(MID(A7, SEARCH("+++", A7) + 3, LEN(A7)),'Defensive Data'!$A$2:$A$134,'Defensive Data'!$D$2:$X$134)} -> #N/A
A8: =CONCATENATE(Scores!A8,"+++",Scores!C8) -> Bowling Green+++Fordham | B8: =Scores!B8 -> 41 | C8: {=XLOOKUP(LEFT(A8,SEARCH("+",A8)-1),'Offensive Data'!$A$2:$A$134,'Offensive Data'!$D$2:$X$134)} -> #N/A | X8: {=XLOOKUP(MID(A8, SEARCH("+++", A8) + 3, LEN(A8)),'Defensive Data'!$A$2:$A$134,'Defensive Data'!$D$2:$X$134)} -> #N/A
A9: =CONCATENATE(Scores!A9,"+++",Scores!C9) -> Buffalo+++Lafayette | B9: =Scores!B9 -> 30 | C9: {=XLOOKUP(LEFT(A9,SEARCH("+",A9)-1),'Offensive Data'!$A$2:$A$134,'Offensive Data'!$D$2:$X$134)} -> 14.9 | D9: 26.7 | E9: 55.9 | F9: 186.3 | G9: 1.5 | H9: 41 | I9: 169.1 | J9: 4.1 | K9: 1.8 | L9: 67.7 | M9: 355.4 | N9: 5.3 | O9: 7.9 | P9: 9.2 | Q9: 1.4 | R9: 18.5 | S9: 4.5 | T9: 43.4 | U9: 0.5 | V9: 0.5 | W9: 1 | X9: {=XLOOKUP(MID(A9, SEARCH("+++", A9) + 3, LEN(A9)),'Defensive Data'!$A$2:$A$134,'Defensive Data'!$D$2:$X$134)} -> #N/A
A10: =CONCATENATE(Scores!A10,"+++",Scores!C10) -> Central Florida+++New Hampshire | B10: =Scores!B10 -> 57 | C10: {=XLOOKUP(LEFT(A10,SEARCH("+",A10)-1),'Offensive Data'!$A$2:$A$134,'Offensive Data'!$D$2:$X$134)} -> #N/A | X10: {=XLOOKUP(MID(A10, SEARCH("+++", A10) + 3, LEN(A10)),'Defensive Data'!$A$2:$A$134,'Defensive Data'!$D$2:$X$134)} -> #N/A
A11: =CONCATENATE(Scores!A11,"+++",Scores!C11) -> Central Michigan+++Central Connecticut State | B11: =Scores!B11 -> 66 | C11: {=XLOOKUP(LEFT(A11,SEARCH("+",A11)-1),'Offensive Data'!$A$2:$A$134,'Offensive Data'!$D$2:$X$134)} -> 13.9 | D11: 25.2 | E11: 55.3 | F11: 163.4 | G11: 0.9 | H11: 37.3 | I11: 166.1 | J11: 4.5 | K11: 1.4 | L11: 62.4 | M11: 329.5 | N11: 5.3 | O11: 6.9 | P11: 8.8 | Q11: 2.3 | R11: 18 | S11: 6.8 | T11: 60.9 | U11: 0.8 | V11: 1 | W11: 1.8 | X11: {=XLOOKUP(MID(A11, SEARCH("+++", A11) + 3, LEN(A11)),'Defensive Data'!$A$2:$A$134,'Defensive Data'!$D$2:$X$134)} -> #N/A
A12: =CONCATENATE(Scores!A12,"+++",Scores!C12) -> Coastal Carolina+++Jacksonville State | B12: =Scores!B12 -> 55 | C12: {=XLOOKUP(LEFT(A12,SEARCH("+",A12)-1),'Offensive Data'!$A$2:$A$134,'Offensive Data'!$D$2:$X$134)} -> 15 | D12: 27.6 | E12: 54.3 | F12: 202 | G12: 1.5 | H12: 37.2 | I12: 172.5 | J12: 4.6 | K12: 1.6 | L12: 64.8 | M12: 374.5 | N12: 5.8 | O12: 7.9 | P12: 8.4 | Q12: 1.8 | R12: 18.1 | S12: 6.9 | T12: 63.8 | U12: 0.5 | V12: 0.8 | W12: 1.3 | X12: {=XLOOKUP(MID(A12, SEARCH("+++", A12) + 3, LEN(A12)),'Defensive Data'!$A$2:$A$134,'Defensive Data'!$D$2:$X$134)} -> 17.6 | Y12: 29.3 | Z12: 60.2 | AA12: 218.2 | AB12: 1.5 | AC12: 41 | AD12: 174.8 | AE12: 4.3 | AF12: 1.5 | AG12: 70.3 | AH12: 393 | AI12: 5.6 | AJ12: 10.1 | AK12: 9.1 | AL12: 2.5 | AM12: 21.7 | AN12: 6.1 | AO12: 56.9 | AP12: 0.9 | AQ12: 0.9 | AR12: 1.7
A13: =CONCATENATE(Scores!A13,"+++",Scores!C13) -> Colorado+++North Dakota State | B13: =Scores!B13 -> 31 | C13: {=XLOOKUP(LEFT(A13,SEARCH("+",A13)-1),'Offensive Data'!$A$2:$A$134,'Offensive Data'!$D$2:$X$134)} -> 27.2 | D13: 37.1 | E13: 73.2 | F13: 318 | G13: 2.8 | H13: 26.2 | I13: 65.2 | J13: 2.5 | K13: 1.2 | L13: 63.3 | M13: 383.2 | N13: 6.1 | O13: 13.2 | P13: 4.8 | Q13: 2.4 | R13: 20.4 | S13: 7.7 | T13: 67.8 | U13: 0.4 | V13: 0.8 | W13: 1.2 | X13: {=XLOOKUP(MID(A13, SEARCH("+++", A13) + 3, LEN(A13)),'Defensive Data'!$A$2:$A$134,'Defensive Data'!$D$2:$X$134)} -> #N/A
A14: =CONCATENATE(Scores!A14,"+++",Scores!C14) -> Illinois+++Eastern Illinois | B14: =Scores!B14 -> 45 | C14: {=XLOOKUP(LEFT(A14,SEARCH("+",A14)-1),'Offensive Data'!$A$2:$A$134,'Offensive Data'!$D$2:$X$134)} -> 16.4 | D14: 27.2 | E14: 60.3 | F14: 211.2 | G14: 1.7 | H14: 34.8 | I14: 153.6 | J14: 4.4 | K14: 1.7 | L14: 61.9 | M14: 364.8 | N14: 5.9 | O14: 9.8 | P14: 8.5 | Q14: 2.2 | R14: 20.4 | S14: 5.2 | T14: 40.2 | U14: 0.6 | V14: 0.5 | W14: 1.1 | X14: {=XLOOKUP(MID(A14, SEARCH("+++", A14) + 3, LEN(A14)),'Defensive Data'!$A$2:$A$134,'Defensive Data'!$D$2:$X$134)} -> #N/A
A15: =CONCATENATE(Scores!A15,"+++",Scores!C15) -> Kansas+++Lindenwood | B15: =Scores!B15 -> 48 | C15: {=XLOOKUP(LEFT(A15,SEARCH("+",A15)-1),'Offensive Data'!$A$2:$A$134,'Offensive Data'!$D$2:$X$134)} -> 14.7 | D15: 25.5 | E15: 57.5 | F15: 208.8 | G15: 1.3 | H15: 38.3 | I15: 211.4 | J15: 5.5 | K15: 2.4 | L15: 63.8 | M15: 420.2 | N15: 6.6 | O15: 9 | P15: 11.1 | Q15: 1.4 | R15: 21.5 | S15: 4.5 | T15: 38.7 | U15: 0.4 | V15: 1 | W15: 1.4 | X15: {=XLOOKUP(MID(A15, SEARCH("+++", A15) + 3, LEN(A15)),'Defensive Data'!$A$2:$A$134,'Defensive Data'!$D$2:$X$134)} -> #N/A
A16: =CONCATENATE(Scores!A16,"+++",Scores!C16) -> Louisiana-Monroe+++Jackson State | B16: =Scores!B16 -> 30 | C16: {=XLOOKUP(LEFT(A16,SEARCH("+",A16)-1),'Offensive Data'!$A$2:$A$134,'Offensive Data'!$D$2:$X$134)} -> 11.2 | D16: 20.5 | E16: 54.5 | F16: 134.8 | G16: 0.9 | H16: 38 | I16: 169.7 | J16: 4.5 | K16: 1.4 | L16: 58.5 | M16: 304.4 | N16: 5.2 | O16: 5.6 | P16: 8.3 | Q16: 1.6 | R16: 15.4 | S16: 5.9 | T16: 43.3 | U16: 0.3 | V16: 1 | W16: 1.3 | X16: {=XLOOKUP(MID(A16, SEARCH("+++", A16) + 3, LEN(A16)),'Defensive Data'!$A$2:$A$134,'Defensive Data'!$D$2:$X$134)} -> #N/A
A17: =CONCATENATE(Scores!A17,"+++",Scores!C17) -> Missouri+++Murray State | B17: =Scores!B17 -> 51 | C17: {=XLOOKUP(LEFT(A17,SEARCH("+",A17)-1),'Offensive Data'!$A$2:$A$134,'Offensive Data'!$D$2:$X$134)} -> 19.2 | D17: 31.1 | E17: 61.9 | F17: 225.1 | G17: 1.1 | H17: 39.8 | I17: 164.5 | J17: 4.1 | K17: 2 | L17: 70.9 | M17: 389.5 | N17: 5.5 | O17: 9.2 | P17: 10.5 | Q17: 1.5 | R17: 21.2 | S17: 5.6 | T17: 50.6 | U17: 0.3 | V17: 0.4 | W17: 0.7 | X17: {=XLOOKUP(MID(A17, SEARCH("+++", A17) + 3, LEN(A17)),'Defensive Data'!$A$2:$A$134,'Defensive Data'!$D$2:$X$134)} -> #N/A
A18: =CONCATENATE(Scores!A18,"+++",Scores!C18) -> North Carolina+++Minnesota | B18: =Scores!B18 -> 19 | C18: {=XLOOKUP(LEFT(A18,SEARCH("+",A18)-1),'Offensive Data'!$A$2:$A$134,'Offensive Data'!$D$2:$X$134)} -> 17.7 | D18: 30.2 | E18: 58.7 | F18: 224.4 | G18: 1.4 | H18: 38.2 | I18: 182.3 | J18: 4.8 | K18: 2 | L18: 68.3 | M18: 406.7 | N18: 6 | O18: 9.4 | P18: 9.6 | Q18: 2 | R18: 21 | S18: 7.5 | T18: 64 | U18: 0.6 | V18: 0.7 | W18: 1.3 | X18: {=XLOOKUP(MID(A18, SEARCH("+++", A18) + 3, LEN(A18)),'Defensive Data'!$A$2:$A$134,'Defensive Data'!$D$2:$X$134)} -> 16.9 | Y18: 28.7 | Z18: 59 | AA18: 176.1 | AB18: 0.8 | AC18: 31.3 | AD18: 109.6 | AE18: 3.5 | AF18: 1.1 | AG18: 60 | AH18: 285.7 | AI18: 4.8 | AJ18: 8.5 | AK18: 5.9 | AL18: 1.5 | AM18: 16 | AN18: 5 | AO18: 49.1 | AP18: 0.3 | AQ18: 1.3 | AR18: 1.6
A19: =CONCATENATE(Scores!A19,"+++",Scores!C19) -> North Carolina State+++Western Carolina | B19: =Scores!B19 -> 38 | C19: {=XLOOKUP(LEFT(A19,SEARCH("+",A19)-1),'Offensive Data'!$A$2:$A$134,'Offensive Data'!$D$2:$X$134)} -> 19.6 | D19: 30.1 | E19: 65.2 | F19: 232.6 | G19: 1.6 | H19: 32.4 | I19: 145.2 | J19: 4.5 | K19: 1.6 | L19: 62.5 | M19: 377.8 | N19: 6 | O19: 10.5 | P19: 7.3 | Q19: 2.3 | R19: 20.2 | S19: 5.1 | T19: 47.8 | U19: 0.8 | V19: 1 | W19: 1.8 | X19: {=XLOOKUP(MID(A19, SEARCH("+++", A19) + 3, LEN(A19)),'Defensive Data'!$A$2:$A$134,'Defensive Data'!$D$2:$X$134)} -> #N/A
A20: =CONCATENATE(Scores!A20,"+++",Scores!C20) -> Rutgers+++Howard | B20: =Scores!B20 -> 44 | C20: {=XLOOKUP(LEFT(A20,SEARCH("+",A20)-1),'Offensive Data'!$A$2:$A$134,'Offensive Data'!$D$2:$X$134)} -> 16.4 | D20: 30.4 | E20: 53.9 | F20: 207.4 | G20: 1.4 | H20: 39.8 | I20: 175.3 | J20: 4.4 | K20: 2.2 | L20: 70.2 | M20: 382.7 | N20: 5.5 | O20: 10.1 | P20: 9.9 | Q20: 2.5 | R20: 22.5 | S20: 4 | T20: 34.2 | U20: 0.2 | V20: 0.5 | W20: 0.7 | X20: {=XLOOKUP(MID(A20, SEARCH("+++", A20) + 3, LEN(A20)),'Defensive Data'!$A$2:$A$134,'Defensive Data'!$D$2:$X$134)} -> #N/A
A21: =CONCATENATE(Scores!A21,"+++",Scores!C21) -> San Jose State+++Sacramento State | B21: =Scores!B21 -> 42 | C21: {=XLOOKUP(LEFT(A21,SEARCH("+",A21)-1),'Offensive Data'!$A$2:$A$134,'Offensive Data'!$D$2:$X$134)} -> 24.3 | D21: 42.5 | E21: 57.2 | F21: 321.8 | G21: 2.4 | H21: 24.9 | I21: 88.1 | J21: 3.5 | K21: 1 | L21: 67.4 | M21: 409.8 | N21: 6.1 | O21: 13.8 | P21: 5.5 | Q21: 2.5 | R21: 21.8 | S21: 7 | T21: 60.3 | U21: 1 | V21: 1.2 | W21: 2.2 | X21: {=XLOOKUP(MID(A21, SEARCH("+++", A21) + 3, LEN(A21)),'Defensive Data'!$A$2:$A$134,'Defensive Data'!$D$2:$X$134)} -> #N/A
A22: =CONCATENATE(Scores!A22,"+++",Scores!C22) -> Toledo+++Duquesne | B22: =Scores!B22 -> 49 | C22: {=XLOOKUP(LEFT(A22,SEARCH("+",A22)-1),'Offensive Data'!$A$2:$A$134,'Offensive Data'!$D$2:$X$134)} -> 21.2 | D22: 34.8 | E22: 60.9 | F22: 254.2 | G22: 2.2 | H22: 33.5 | I22: 115.7 | J22: 3.4 | K22: 1 | L22: 68.4 | M22: 369.9 | N22: 5.4 | O22: 11.1 | P22: 6.2 | Q22: 2.5 | R22: 19.8 | S22: 6.4 | T22: 56.8 | U22: 0.8 | V22: 0.6 | W22: 1.5 | X22: {=XLOOKUP(MID(A22, SEARCH("+++", A22) + 3, LEN(A22)),'Defensive Data'!$A$2:$A$134,'Defensive Data'!$D$2:$X$134)} -> #N/A
A23: =CONCATENATE(Scores!A23,"+++",Scores!C23) -> Tulane+++Southeastern Louisiana | B23: =Scores!B23 -> 52 | C23: {=XLOOKUP(LEFT(A23,SEARCH("+",A23)-1),'Offensive Data'!$A$2:$A$134,'Offensive Data'!$D$2:$X$134)} -> 14.8 | D23: 23.5 | E23: 62.9 | F23: 209.4 | G23: 1.8 | H23: 40.5 | I23: 195.6 | J23: 4.8 | K23: 2.3 | L23: 64 | M23: 405 | N23: 6.3 | O23: 8.5 | P23: 10.5 | Q23: 1.8 | R23: 20.8 | S23: 6.1 | T23: 50.1 | U23: 0.4 | V23: 0.6 | W23: 1.1 | X23: {=XLOOKUP(MID(A23, SEARCH("+++", A23) + 3, LEN(A23)),'Defensive Data'!$A$2:$A$134,'Defensive Data'!$D$2:$X$134)} -> #N/A
A24: =CONCATENATE(Scores!A24,"+++",Scores!C24) -> Tulsa+++Northwestern State | B24: =Scores!B24 -> 62 | C24: {=XLOOKUP(LEFT(A24,SEARCH("+",A24)-1),'Offensive Data'!$A$2:$A$134,'Offensive Data'!$D$2:$X$134)} -> 20.7 | D24: 36.5 | E24: 56.6 | F24: 238.6 | G24: 1.9 | H24: 37.6 | I24: 151.1 | J24: 4 | K24: 0.9 | L24: 74.1 | M24: 389.7 | N24: 5.3 | O24: 10.2 | P24: 7.6 | Q24: 2.8 | R24: 20.6 | S24: 5.9 | T24: 51 | U24: 0.8 | V24: 1 | W24: 1.8 | X24: {=XLOOKUP(MID(A24, SEARCH("+++", A24) + 3, LEN(A24)),'Defensive Data'!$A$2:$A$134,'Defensive Data'!$D$2:$X$134)} -> #N/A
A25: =CONCATENATE(Scores!A25,"+++",Scores!C25) -> Utah+++Southern Utah | B25: =Scores!B25 -> 49 | C25: {=XLOOKUP(LEFT(A25,SEARCH("+",A25)-1),'Offensive Data'!$A$2:$A$134,'Offensive Data'!$D$2:$X$134)} -> 16.6 | D25: 29.8 | E25: 55.6 | F25: 199.4 | G25: 1.7 | H25: 33.6 | I25: 130.4 | J25: 3.9 | K25: 0.6 | L25: 63.4 | M25: 329.8 | N25: 5.2 | O25: 8.6 | P25: 6.8 | Q25: 1.3 | R25: 16.6 | S25: 5.4 | T25: 46.3 | U25: 0.4 | V25: 1.4 | W25: 1.8 | X25: {=XLOOKUP(MID(A25, SEARCH("+++", A25) + 3, LEN(A25)),'Defensive Data'!$A$2:$A$134,'Defensive Data'!$D$2:$X$134)} -> #N/A
A26: =CONCATENATE(Scores!A26,"+++",Scores!C26) -> Wake Forest+++North Carolina A&T | B26: =Scores!B26 -> 45 | C26: {=XLOOKUP(LEFT(A26,SEARCH("+",A26)-1),'Offensive Data'!$A$2:$A$134,'Offensive Data'!$D$2:$X$134)} -> 20.7 | D26: 33.7 | E26: 61.4 | F26: 240.1 | G26: 1.4 | H26: 37 | I26: 130.6 | J26: 3.5 | K26: 1.5 | L26: 70.7 | M26: 370.7 | N26: 5.2 | O26: 11.3 | P26: 7.8 | Q26: 2.7 | R26: 21.8 | S26: 5.1 | T26: 45.9 | U26: 0.7 | V26: 1.1 | W26: 1.8 | X26: {=XLOOKUP(MID(A26, SEARCH("+++", A26) + 3, LEN(A26)),'Defensive Data'!$A$2:$A$134,'Defensive Data'!$D$2:$X$134)} -> #N/A
A27: =CONCATENATE(Scores!A27,"+++",Scores!C27) -> Army+++Lehigh | B27: =Scores!B27 -> 42 | C27: {=XLOOKUP(LEFT(A27,SEARCH("+",A27)-1),'Offensive Data'!$A$2:$A$134,'Offensive Data'!$D$2:$X$134)} -> 4.7 | D27: 8.7 | E27: 54.1 | F27: 80.6 | G27: 0.7 | H27: 54.6 | I27: 300.5 | J27: 5.5 | K27: 3.4 | L27: 63.3 | M27: 381.1 | N27: 6 | O27: 3.1 | P27: 16.4 | Q27: 1.3 | R27: 20.9 | S27: 3.2 | T27: 31.5 | U27: 0.4 | V27: 0.3 | W27: 0.6 | X27: {=XLOOKUP(MID(A27, SEARCH("+++", A27) + 3, LEN(A27)),'Defensive Data'!$A$2:$A$134,'Defensive Data'!$D$2:$X$134)} -> #N/A
A28: =CONCATENATE(Scores!A28,"+++",Scores!C28) -> Duke+++Elon | B28: =Scores!B28 -> 26 | C28: {=XLOOKUP(LEFT(A28,SEARCH("+",A28)-1),'Offensive Data'!$A$2:$A$134,'Offensive Data'!$D$2:$X$134)} -> 21.5 | D28: 35.9 | E28: 60 | F28: 244.3 | G28: 2.2 | H28: 29.3 | I28: 92.5 | J28: 3.2 | K28: 1 | L28: 65.2 | M28: 336.8 | N28: 5.2 | O28: 10.8 | P28: 4.6 | Q28: 2.2 | R28: 17.6 | S28: 5.2 | T28: 50.1 | U28: 0.5 | V28: 1 | W28: 1.5 | X28: {=XLOOKUP(MID(A28, SEARCH("+++", A28) + 3, LEN(A28)),'Defensive Data'!$A$2:$A$134,'Defensive Data'!$D$2:$X$134)} -> #N/A
A29: =CONCATENATE(Scores!A29,"+++",Scores!C29) -> Michigan State+++Florida Atlantic | B29: =Scores!B29 -> 16 | C29: {=XLOOKUP(LEFT(A29,SEARCH("+",A29)-1),'Offensive Data'!$A$2:$A$134,'Offensive Data'!$D$2:$X$134)} -> 17.7 | D29: 29.4 | E29: 60.1 | F29: 218.1 | G29: 1.1 | H29: 32.8 | I29: 116.3 | J29: 3.6 | K29: 0.9 | L29: 62.2 | M29: 334.4 | N29: 5.4 | O29: 9.2 | P29: 8.3 | Q29: 1.4 | R29: 18.8 | S29: 6.7 | T29: 63.3 | U29: 0.6 | V29: 1 | W29: 1.6 | X29: {=XLOOKUP(MID(A29, SEARCH("+++", A29) + 3, LEN(A29)),'Defensive Data'!$A$2:$A$134,'Defensive Data'!$D$2:$X$134)} -> 17.6 | Y29: 31.5 | Z29: 55.8 | AA29: 233.2 | AB29: 2.1 | AC29: 37.5 | AD29: 183.5 | AE29: 4.9 | AF29: 1.5 | AG29: 69 | AH29: 416.7 | AI29: 6 | AJ29: 9.8 | AK29: 9.3 | AL29: 1.9 | AM29: 21 | AN29: 6 | AO29: 52.5 | AP29: 0.6 | AQ29: 0.9 | AR29: 1.5
A30: =CONCATENATE(Scores!A30,"+++",Scores!C30) -> Oklahoma+++Temple | B30: =Scores!B30 -> 51 | C30: {=XLOOKUP(LEFT(A30,SEARCH("+",A30)-1),'Offensive Data'!$A$2:$A$134,'Offensive Data'!$D$2:$X$134)} -> 18.1 | D30: 28.7 | E30: 63 | F30: 175.8 | G30: 1.2 | H30: 40.1 | I30: 155.2 | J30: 3.9 | K30: 1.3 | L30: 68.8 | M30: 331 | N30: 4.8 | O30: 7.7 | P30: 9.2 | Q30: 2.1 | R30: 19 | S30: 5.3 | T30: 45.5 | U30: 1.2 | V30: 0.5 | W30: 1.6 | X30: {=XLOOKUP(MID(A30, SEARCH("+++", A30) + 3, LEN(A30)),'Defensive Data'!$A$2:$A$134,'Defensive Data'!$D$2:$X$134)} -> 16.3 | Y30: 27.8 | Z30: 58.9 | AA30: 191.7 | AB30: 1.7 | AC30: 40.8 | AD30: 226.1 | AE30: 5.5 | AF30: 2.5 | AG30: 68.6 | AH30: 417.8 | AI30: 6.1 | AJ30: 8.4 | AK30: 10 | AL30: 1.6 | AM30: 20 | AN30: 5.4 | AO30: 47.1 | AP30: 0.5 | AQ30: 0.8 | AR30: 1.3
A31: =CONCATENATE(Scores!A31,"+++",Scores!C31) -> Texas Christian+++Stanford | B31: =Scores!B31 -> 34 | C31: {=XLOOKUP(LEFT(A31,SEARCH("+",A31)-1),'Offensive Data'!$A$2:$A$134,'Offensive Data'!$D$2:$X$134)} -> #N/A | X31: {=XLOOKUP(MID(A31, SEARCH("+++", A31) + 3, LEN(A31)),'Defensive Data'!$A$2:$A$134,'Defensive Data'!$D$2:$X$134)} -> 21.9 | Y31: 33.2 | Z31: 66.1 | AA31: 280.6 | AB31: 2.6 | AC31: 31.6 | AD31: 133.5 | AE31: 4.2 | AF31: 1.8 | AG31: 64.8 | AH31: 414.1 | AI31: 6.4 | AJ31: 12.4 | AK31: 7.3 | AL31: 1.5 | AM31: 21.2 | AN31: 6.8 | AO31: 61.8 | AP31: 0.7 | AQ31: 0.8 | AR31: 1.4
A32: =CONCATENATE(Scores!A32,"+++",Scores!C32) -> Wisconsin+++Western Michigan | B32: =Scores!B32 -> 28 | C32: {=XLOOKUP(LEFT(A32,SEARCH("+",A32)-1),'Offensive Data'!$A$2:$A$134,'Offensive Data'!$D$2:$X$134)} -> 17.3 | D32: 30.4 | E32: 57 | F32: 196.7 | G32: 1.2 | H32: 35.2 | I32: 153.7 | J32: 4.4 | K32: 1.6 | L32: 65.6 | M32: 350.3 | N32: 5.3 | O32: 8.2 | P32: 8.7 | Q32: 1.9 | R32: 18.8 | S32: 5.3 | T32: 37.5 | U32: 0.7 | V32: 0.8 | W32: 1.5 | X32: {=XLOOKUP(MID(A32, SEARCH("+++", A32) + 3, LEN(A32)),'Defensive Data'!$A$2:$A$134,'Defensive Data'!$D$2:$X$134)} -> 16.2 | Y32: 26.5 | Z32: 61.3 | AA32: 222.6 | AB32: 1.5 | AC32: 38.5 | AD32: 192.5 | AE32: 5 | AF32: 2.2 | AG32: 64.9 | AH32: 415.1 | AI32: 6.4 | AJ32: 9.5 | AK32: 10.1 | AL32: 1.6 | AM32: 21.2 | AN32: 4.6 | AO32: 38.7 | AP32: 1 | AQ32: 0.6 | AR32: 1.6
A33: =CONCATENATE(Scores!A33,"+++",Scores!C33) -> Air Force+++Merrimack | B33: =Scores!B33 -> 21 | C33: {=XLOOKUP(LEFT(A33,SEARCH("+",A33)-1),'Offensive Data'!$A$2:$A$134,'Offensive Data'!$D$2:$X$134)} -> 5.2 | D33: 11.5 | E33: 44.9 | F33: 89.8 | G33: 0.4 | H33: 56.1 | I33: 224 | J33: 4 | K33: 2 | L33: 67.6 | M33: 313.8 | N33: 4.6 | O33: 3.3 | P33: 13.3 | Q33: 1.4 | R33: 18 | S33: 3.2 | T33: 28.8 | U33: 0.4 | V33: 0.8 | W33: 1.3 | X33: {=XLOOKUP(MID(A33, SEARCH("+++", A33) + 3, LEN(A33)),'Defensive Data'!$A$2:$A$134,'Defensive Data'!$D$2:$X$134)} -> #N/A
A34: =CONCATENATE(Scores!A34,"+++",Scores!C34) -> Alabama+++Western Kentucky | B34: =Scores!B34 -> 63 | C34: {=XLOOKUP(LEFT(A34,SEARCH("+",A34)-1),'Offensive Data'!$A$2:$A$134,'Offensive Data'!$D$2:$X$134)} -> 17.4 | D34: 27.2 | E34: 63.8 | F34: 236.4 | G34: 1.3 | H34: 37.5 | I34: 173.8 | J34: 4.6 | K34: 3.2 | L34: 64.8 | M34: 410.2 | N34: 6.3 | O34: 9.8 | P34: 9.7 | Q34: 1.4 | R34: 20.8 | S34: 7.3 | T34: 69.1 | U34: 0.8 | V34: 0.8 | W34: 1.6 | X34: {=XLOOKUP(MID(A34, SEARCH("+++", A34) + 3, LEN(A34)),'Defensive Data'!$A$2:$A$134,'Defensive Data'!$D$2:$X$134)} -> 13.9 | Y34: 22.9 | Z34: 60.7 | AA34: 176.1 | AB34: 1.3 | AC34: 44.2 | AD34: 221.2 | AE34: 5 | AF34: 1.9 | AG34: 67.1 | AH34: 397.3 | AI34: 5.9 | AJ34: 7.4 | AK34: 11.6 | AL34: 1.1 | AM34: 20.1 | AN34: 5.1 | AO34: 44.9 | AP34: 0.7 | AQ34: 0.7 | AR34: 1.4
A35: =CONCATENATE(Scores!A35,"+++",Scores!C35) -> Appalachian State+++East Tennessee State | B35: =Scores!B35 -> 38 | C35: {=XLOOKUP(LEFT(A35,SEARCH("+",A35)-1),'Offensive Data'!$A$2:$A$134,'Offensive Data'!$D$2:$X$134)} -> 19.8 | D35: 35.6 | E35: 55.6 | F35: 273 | G35: 2.1 | H35: 35.2 | I35: 153.8 | J35: 4.4 | K35: 1.2 | L35: 70.8 | M35: 426.8 | N35: 6 | O35: 12.2 | P35: 9.5 | Q35: 2.2 | R35: 23.8 | S35: 6 | T35: 56.9 | U35: 0.5 | V35: 1.5 | W35: 2 | X35: {=XLOOKUP(MID(A35, SEARCH("+++", A35) + 3, LEN(A35)),'Defensive Data'!$A$2:$A$134,'Defensive Data'!$D$2:$X$134)} -> #N/A
A36: =CONCATENATE(Scores!A36,"+++",Scores!C36) -> Arizona+++New Mexico | B36: =Scores!B36 -> 61 | C36: {=XLOOKUP(LEFT(A36,SEARCH("+",A36)-1),'Offensive Data'!$A$2:$A$134,'Offensive Data'!$D$2:$X$134)} -> 21.8 | D36: 36.4 | E36: 60 | F36: 247.9 | G36: 1.5 | H36: 27.9 | I36: 106.6 | J36: 3.8 | K36: 0.9 | L36: 64.3 | M36: 354.5 | N36: 5.5 | O36: 10.8 | P36: 6.2 | Q36: 1.5 | R36: 18.5 | S36: 6.5 | T36: 57.6 | U36: 0.6 | V36: 1.1 | W36: 1.7 | X36: {=XLOOKUP(MID(A36, SEARCH("+++", A36) + 3, LEN(A36)),'Defensive Data'!$A$2:$A$134,'Defensive Data'!$D$2:$X$134)} -> 21.3 | Y36: 33 | Z36: 64.6 | AA36: 279.2 | AB36: 2.5 | AC36: 39.3 | AD36: 212.9 | AE36: 5.4 | AF36: 2.3 | AG36: 72.3 | AH36: 492.1 | AI36: 6.8 | AJ36: 11.7 | AK36: 10.6 | AL36: 2.4 | AM36: 24.7 | AN36: 7 | AO36: 65.4 | AP36: 0.6 | AQ36: 0.3 | AR36: 0.8
A37: =CONCATENATE(Scores!A37,"+++",Scores!C37) -> Arizona State+++Wyoming | B37: =Scores!B37 -> 48 | C37: {=XLOOKUP(LEFT(A37,SEARCH("+",A37)-1),'Offensive Data'!$A$2:$A$134,'Offensive Data'!$D$2:$X$134)} -> 16.7 | D37: 27.3 | E37: 61.3 | F37: 229.5 | G37: 1.9 | H37: 42.2 | I37: 199.9 | J37: 4.7 | K37: 2.1 | L37: 69.5 | M37: 429.4 | N37: 6.2 | O37: 9.6 | P37: 11.1 | Q37: 1.8 | R37: 22.5 | S37: 6.4 | T37: 53.6 | U37: 0.2 | V37: 0.4 | W37: 0.6 | X37: {=XLOOKUP(MID(A37, SEARCH("+++", A37) + 3, LEN(A37)),'Defensive Data'!$A$2:$A$134,'Defensive Data'!$D$2:$X$134)} -> 17.6 | Y37: 28.5 | Z37: 61.7 | AA37: 218.9 | AB37: 1.3 | AC37: 35 | AD37: 191.7 | AE37: 5.5 | AF37: 1.8 | AG37: 63.5 | AH37: 410.6 | AI37: 6.5 | AJ37: 9.8 | AK37: 8.7 | AL37: 1.5 | AM37: 19.9 | AN37: 7.1 | AO37: 58.8 | AP37: 0.4 | AQ37: 0.5 | AR37: 0.9
A38: =CONCATENATE(Scores!A38,"+++",Scores!C38) -> Arkansas State+++Central Arkansas | B38: =Scores!B38 -> 34 | C38: {=XLOOKUP(LEFT(A38,SEARCH("+",A38)-1),'Offensive Data'!$A$2:$A$134,'Offensive Data'!$D$2:$X$134)} -> 21.1 | D38: 34 | E38: 62 | F38: 227.5 | G38: 1.5 | H38: 37.5 | I38: 156.9 | J38: 4.2 | K38: 1.4 | L38: 71.5 | M38: 384.4 | N38: 5.4 | O38: 11.1 | P38: 8.7 | Q38: 2.1 | R38: 21.8 | S38: 5.6 | T38: 51.7 | U38: 0.6 | V38: 0.8 | W38: 1.4 | X38: {=XLOOKUP(MID(A38, SEARCH("+++", A38) + 3, LEN(A38)),'Defensive Data'!$A$2:$A$134,'Defensive Data'!$D$2:$X$134)} -> #N/A
A39: =CONCATENATE(Scores!A39,"+++",Scores!C39) -> Auburn+++Alabama A&M | B39: =Scores!B39 -> 73 | C39: {=XLOOKUP(LEFT(A39,SEARCH("+",A39)-1),'Offensive Data'!$A$2:$A$134,'Offensive Data'!$D$2:$X$134)} -> 19.2 | D39: 30.8 | E39: 62.3 | F39: 263.9 | G39: 2.3 | H39: 33.7 | I39: 165.5 | J39: 4.9 | K39: 1.1 | L39: 64.4 | M39: 429.4 | N39: 6.7 | O39: 10.6 | P39: 9 | Q39: 1.4 | R39: 21 | S39: 5.8 | T39: 49.3 | U39: 0.8 | V39: 1.1 | W39: 1.8 | X39: {=XLOOKUP(MID(A39, SEARCH("+++", A39) + 3, LEN(A39)),'Defensive Data'!$A$2:$A$134,'Defensive Data'!$D$2:$X$134)} -> #N/A
A40: =CONCATENATE(Scores!A40,"+++",Scores!C40) -> Baylor+++Tarleton State | B40: =Scores!B40 -> 45 | C40: {=XLOOKUP(LEFT(A40,SEARCH("+",A40)-1),'Offensive Data'!$A$2:$A$134,'Offensive Data'!$D$2:$X$134)} -> 19.5 | D40: 31.8 | E40: 61.3 | F40: 261.3 | G40: 2.4 | H40: 37.8 | I40: 178.8 | J40: 4.7 | K40: 1.9 | L40: 69.5 | M40: 440.1 | N40: 6.3 | O40: 12.1 | P40: 9.1 | Q40: 1.8 | R40: 23 | S40: 6.2 | T40: 60.4 | U40: 0.4 | V40: 0.8 | W40: 1.2 | X40: {=XLOOKUP(MID(A40, SEARCH("+++", A40) + 3, LEN(A40)),'Defensive Data'!$A$2:$A$134,'Defensive Data'!$D$2:$X$134)} -> #N/A
A41: =CONCATENATE(Scores!A41,"+++",Scores!C41) -> Boise State+++Georgia Southern | B41: =Scores!B41 -> 56 | C41: {=XLOOKUP(LEFT(A41,SEARCH("+",A41)-1),'Offensive Data'!$A$2:$A$134,'Offensive Data'!$D$2:$X$134)} -> 18.6 | D41: 29.6 | E41: 62.9 | F41: 225.6 | G41: 1.6 | H41: 39.6 | I41: 240.4 | J41: 6.1 | K41: 3.1 | L41: 69.3 | M41: 466 | N41: 6.7 | O41: 11 | P41: 10.9 | Q41: 1.6 | R41: 23.4 | S41: 5.4 | T41: 46.2 | U41: 0.4 | V41: 0.5 | W41: 0.9 | X41: {=XLOOKUP(MID(A41, SEARCH("+++", A41) + 3, LEN(A41)),'Defensive Data'!$A$2:$A$134,'Defensive Data'!$D$2:$X$134)} -> 21.3 | Y41: 33.7 | Z41: 63.2 | AA41: 259.4 | AB41: 1.6 | AC41: 34.4 | AD41: 170 | AE41: 4.9 | AF41: 1.8 | AG41: 68.1 | AH41: 429.4 | AI41: 6.3 | AJ41: 11.8 | AK41: 8.1 | AL41: 1.1 | AM41: 21 | AN41: 8.5 | AO41: 77.5 | AP41: 0.5 | AQ41: 1 | AR41: 1.5
A42: =CONCATENATE(Scores!A42,"+++",Scores!C42) -> Brigham Young+++Southern Illinois | B42: =Scores!B42 -> 41 | C42: {=XLOOKUP(LEFT(A42,SEARCH("+",A42)-1),'Offensive Data'!$A$2:$A$134,'Offensive Data'!$D$2:$X$134)} -> 16.7 | D42: 29.2 | E42: 57.3 | F42: 231.3 | G42: 1.6 | H42: 35.2 | I42: 161 | J42: 4.6 | K42: 1.5 | L42: 64.3 | M42: 392.3 | N42: 6.1 | O42: 10.8 | P42: 9.8 | Q42: 1.6 | R42: 22.2 | S42: 5.1 | T42: 43.2 | U42: 0.5 | V42: 1.1 | W42: 1.6 | X42: {=XLOOKUP(MID(A42, SEARCH("+++", A42) + 3, LEN(A42)),'Defensive Data'!$A$2:$A$134,'Defensive Data'!$D$2:$X$134)} -> #N/A
A43: =CONCATENATE(Scores!A43,"+++",Scores!C43) -> California+++California-Davis | B43: =Scores!B43 -> 31 | C43: {=XLOOKUP(LEFT(A43,SEARCH("+",A43)-1),'Offensive Data'!$A$2:$A$134,'Offensive Data'!$D$2:$X$134)} -> 23.2 | D43: 35.7 | E43: 65.1 | F43: 258.6 | G43: 1.2 | H43: 34.2 | I43: 121.5 | J43: 3.6 | K43: 1.3 | L43: 69.8 | M43: 380.2 | N43: 5.4 | O43: 11.9 | P43: 7.1 | Q43: 1.9 | R43: 20.9 | S43: 7.4 | T43: 59.7 | U43: 0.3 | V43: 0.5 | W43: 0.8 | X43: {=XLOOKUP(MID(A43, SEARCH("+++", A43) + 3, LEN(A43)),'Defensive Data'!$A$2:$A$134,'Defensive Data'!$D$2:$X$134)} -> #N/A
A44: =CONCATENATE(Scores!A44,"+++",Scores!C44) -> Cincinnati+++Towson | B44: =Scores!B44 -> 38 | C44: {=XLOOKUP(LEFT(A44,SEARCH("+",A44)-1),'Offensive Data'!$A$2:$A$134,'Offensive Data'!$D$2:$X$134)} -> 21 | D44: 32.9 | E44: 63.8 | F44: 236.5 | G44: 1.5 | H44: 35.6 | I44: 184.1 | J44: 5.2 | K44: 1.6 | L44: 68.5 | M44: 420.6 | N44: 6.1 | O44: 11.7 | P44: 9 | Q44: 1.4 | R44: 22.1 | S44: 5.3 | T44: 44.4 | U44: 0.9 | V44: 0.6 | W44: 1.5 | X44: {=XLOOKUP(MID(A44, SEARCH("+++", A44) + 3, LEN(A44)),'Defensive Data'!$A$2:$A$134,'Defensive Data'!$D$2:$X$134)} -> #N/A
A45: =CONCATENATE(Scores!A45,"+++",Scores!C45) -> East Carolina+++Norfolk State | B45: =Scores!B45 -> 42 | C45: {=XLOOKUP(LEFT(A45,SEARCH("+",A45)-1),'Offensive Data'!$A$2:$A$134,'Offensive Data'!$D$2:$X$134)} -> 19.8 | D45: 32.9 | E45: 60.3 | F45: 264 | G45: 2 | H45: 36.2 | I45: 172.4 | J45: 4.8 | K45: 1.8 | L45: 69.2 | M45: 436.4 | N45: 6.3 | O45: 11.6 | P45: 8.7 | Q45: 1.7 | R45: 22 | S45: 7.6 | T45: 63.6 | U45: 0.5 | V45: 1.8 | W45: 2.3 | X45: {=XLOOKUP(MID(A45, SEARCH("+++", A45) + 3, LEN(A45)),'Defensive Data'!$A$2:$A$134,'Defensive Data'!$D$2:$X$134)} -> #N/A
A46: =CONCATENATE(Scores!A46,"+++",Scores!C46) -> Eastern Michigan+++Massachusetts | B46: =Scores!B46 -> 28 | C46: {=XLOOKUP(LEFT(A46,SEARCH("+",A46)-1),'Offensive Data'!$A$2:$A$134,'Offensive Data'!$D$2:$X$134)} -> 20.8 | D46: 34.7 | E46: 59.9 | F46: 236 | G46: 1.4 | H46: 39.8 | I46: 141.8 | J46: 3.6 | K46: 1.4 | L46: 74.4 | M46: 377.8 | N46: 5.1 | O46: 10.8 | P46: 8.5 | Q46: 2.3 | R46: 21.5 | S46: 6.4 | T46: 62 | U46: 0.6 | V46: 0.8 | W46: 1.4 | X46: {=XLOOKUP(MID(A46, SEARCH("+++", A46) + 3, LEN(A46)),'Defensive Data'!$A$2:$A$134,'Defensive Data'!$D$2:$X$134)} -> 13 | Y46: 22.4 | Z46: 58 | AA46: 176.6 | AB46: 1.6 | AC46: 37.8 | AD46: 197.9 | AE46: 5.2 | AF46: 2.7 | AG46: 60.3 | AH46: 374.5 | AI46: 6.2 | AJ46: 7.4 | AK46: 10.6 | AL46: 2.3 | AM46: 20.3 | AN46: 6 | AO46: 53.3 | AP46: 0.3 | AQ46: 0.5 | AR46: 0.8
A47: =CONCATENATE(Scores!A47,"+++",Scores!C47) -> Georgia+++Clemson | B47: =Scores!B47 -> 34 | C47: {=XLOOKUP(LEFT(A47,SEARCH("+",A47)-1),'Offensive Data'!$A$2:$A$134,'Offensive Data'!$D$2:$X$134)} -> 24 | D47: 36.6 | E47: 65.5 | F47: 281 | G47: 2.1 | H47: 30.6 | I47: 124.4 | J47: 4.1 | K47: 1.7 | L47: 67.3 | M47: 405.4 | N47: 6 | O47: 12.9 | P47: 7.3 | Q47: 1.6 | R47: 21.9 | S47: 5.7 | T47: 53.6 | U47: 0.5 | V47: 0.9 | W47: 1.4 | X47: {=XLOOKUP(MID(A47, SEARCH("+++", A47) + 3, LEN(A47)),'Defensive Data'!$A$2:$A$134,'Defensive Data'!$D$2:$X$134)} -> 18.8 | Y47: 33.4 | Z47: 56.3 | AA47: 213.5 | AB47: 1.6 | AC47: 34.1 | AD47: 160.6 | AE47: 4.7 | AF47: 1.3 | AG47: 67.4 | AH47: 374.1 | AI47: 5.5 | AJ47: 9.5 | AK47: 8.4 | AL47: 2.6 | AM47: 20.5 | AN47: 6.1 | AO47: 55.1 | AP47: 0.7 | AQ47: 1.1 | AR47: 1.9
A48: =CONCATENATE(Scores!A48,"+++",Scores!C48) -> Georgia Tech+++Georgia State | B48: =Scores!B48 -> 35 | C48: {=XLOOKUP(LEFT(A48,SEARCH("+",A48)-1),'Offensive Data'!$A$2:$A$134,'Offensive Data'!$D$2:$X$134)} -> 20.7 | D48: 31.7 | E48: 65.3 | F48: 237.5 | G48: 1.3 | H48: 37.8 | I48: 187 | J48: 5 | K48: 2.2 | L48: 69.5 | M48: 424.5 | N48: 6.1 | O48: 10.6 | P48: 9.7 | Q48: 1.3 | R48: 21.6 | S48: 5.4 | T48: 43.3 | U48: 0.2 | V48: 0.5 | W48: 0.8 | X48: {=XLOOKUP(MID(A48, SEARCH("+++", A48) + 3, LEN(A48)),'Defensive Data'!$A$2:$A$134,'Defensive Data'!$D$2:$X$134)} -> 17 | Y48: 26.9 | Z48: 63.2 | AA48: 208.3 | AB48: 1.8 | AC48: 40.3 | AD48: 210.3 | AE48: 5.2 | AF48: 2.3 | AG48: 67.2 | AH48: 418.7 | AI48: 6.2 | AJ48: 9.8 | AK48: 10.8 | AL48: 1.5 | AM48: 22.1 | AN48: 6.6 | AO48: 58.3 | AP48: 0.7 | AQ48: 0.8 | AR48: 1.4
A49: =CONCATENATE(Scores!A49,"+++",Scores!C49) -> Indiana+++Florida International | B49: =Scores!B49 -> 31 | C49: {=XLOOKUP(LEFT(A49,SEARCH("+",A49)-1),'Offensive Data'!$A$2:$A$134,'Offensive Data'!$D$2:$X$134)} -> 18.9 | D49: 27.8 | E49: 68.1 | F49: 261.3 | G49: 2.5 | H49: 37.8 | I49: 165.1 | J49: 4.4 | K49: 2.8 | L49: 65.5 | M49: 426.4 | N49: 6.5 | O49: 11.9 | P49: 10 | Q49: 1.6 | R49: 23.5 | S49: 4.8 | T49: 43.9 | U49: 0.2 | V49: 0.5 | W49: 0.7 | X49: {=XLOOKUP(MID(A49, SEARCH("+++", A49) + 3, LEN(A49)),'Defensive Data'!$A$2:$A$134,'Defensive Data'!$D$2:$X$134)} -> 17.6 | Y49: 29.8 | Z49: 59.1 | AA49: 179.6 | AB49: 0.8 | AC49: 41 | AD49: 191.3 | AE49: 4.7 | AF49: 2.3 | AG49: 70.8 | AH49: 370.9 | AI49: 5.2 | AJ49: 8 | AK49: 10.3 | AL49: 1.4 | AM49: 19.7 | AN49: 6.6 | AO49: 54.8 | AP49: 0.4 | AQ49: 0.9 | AR49: 1.3
A50: =CONCATENATE(Scores!A50,"+++",Scores!C50) -> Iowa+++Illinois State | B50: =Scores!B50 -> 40 | C50: {=XLOOKUP(LEFT(A50,SEARCH("+",A50)-1),'Offensive Data'!$A$2:$A$134,'Offensive Data'!$D$2:$X$134)} -> 12.5 | D50: 20 | E50: 62.7 | F50: 131.6 | G50: 0.8 | H50: 38.5 | I50: 197.2 | J50: 5.1 | K50: 2.3 | L50: 58.5 | M50: 328.8 | N50: 5.6 | O50: 6.3 | P50: 9 | Q50: 1.4 | R50: 16.7 | S50: 3.2 | T50: 29.8 | U50: 0.3 | V50: 0.6 | W50: 0.9 | X50: {=XLOOKUP(MID(A50, SEARCH("+++", A50) + 3, LEN(A50)),'Defensive Data'!$A$2:$A$134,'Defensive Data'!$D$2:$X$134)} -> #N/A
A51: =CONCATENATE(Scores!A51,"+++",Scores!C51) -> Iowa State+++North Dakota | B51: =Scores!B51 -> 21 | C51: {=XLOOKUP(LEFT(A51,SEARCH("+",A51)-1),'Offensive Data'!$A$2:$A$134,'Offensive Data'!$D$2:$X$134)} -> 19.8 | D51: 33.8 | E51: 58.6 | F51: 255.7 | G51: 1.8 | H51: 36.9 | I51: 160.5 | J51: 4.4 | K51: 1.9 | L51: 70.6 | M51: 416.2 | N51: 5.9 | O51: 11.4 | P51: 8.7 | Q51: 2.5 | R51: 22.6 | S51: 3.8 | T51: 28 | U51: 0.4 | V51: 0.7 | W51: 1.1 | X51: {=XLOOKUP(MID(A51, SEARCH("+++", A51) + 3, LEN(A51)),'Defensive Data'!$A$2:$A$134,'Defensive Data'!$D$2:$X$134)} -> #N/A
A52: =CONCATENATE(Scores!A52,"+++",Scores!C52) -> James Madison+++Charlotte | B52: =Scores!B52 -> 30 | C52: {=XLOOKUP(LEFT(A52,SEARCH("+",A52)-1),'Offensive Data'!$A$2:$A$134,'Offensive Data'!$D$2:$X$134)} -> 17.8 | D52: 29.4 | E52: 60.7 | F52: 216.1 | G52: 2.2 | H52: 40 | I52: 191.5 | J52: 4.8 | K52: 1.5 | L52: 69.4 | M52: 407.6 | N52: 5.9 | O52: 9.4 | P52: 10 | Q52: 1.3 | R52: 20.7 | S52: 7 | T52: 54.5 | U52: 0.4 | V52: 0.3 | W52: 0.7 | X52: {=XLOOKUP(MID(A52, SEARCH("+++", A52) + 3, LEN(A52)),'Defensive Data'!$A$2:$A$134,'Defensive Data'!$D$2:$X$134)} -> 17.2 | Y52: 28.6 | Z52: 60.1 | AA52: 222.8 | AB52: 1.5 | AC52: 40.3 | AD52: 210.3 | AE52: 5.2 | AF52: 2.4 | AG52: 68.8 | AH52: 433.2 | AI52: 6.3 | AJ52: 9.2 | AK52: 11.5 | AL52: 2.4 | AM52: 23.1 | AN52: 6.6 | AO52: 56.8 | AP52: 0.2 | AQ52: 0.8 | AR52: 1
A53: =CONCATENATE(Scores!A53,"+++",Scores!C53) -> Kansas State+++Tennessee-Martin | B53: =Scores!B53 -> 41 | C53: {=XLOOKUP(LEFT(A53,SEARCH("+",A53)-1),'Offensive Data'!$A$2:$A$134,'Offensive Data'!$D$2:$X$134)} -> 17.1 | D53: 29.5 | E53: 58 | F53: 211.4 | G53: 1.9 | H53: 35.5 | I53: 215.5 | J53: 6.1 | K53: 1.6 | L53: 64.9 | M53: 426.8 | N53: 6.6 | O53: 9.2 | P53: 10.2 | Q53: 0.8 | R53: 20.3 | S53: 5.5 | T53: 45.7 | U53: 0.5 | V53: 0.8 | W53: 1.2 | X53: {=XLOOKUP(MID(A53, SEARCH("+++", A53) + 3, LEN(A53)),'Defensive Data'!$A$2:$A$134,'Defensive Data'!$D$2:$X$134)} -> #N/A
A54: =CONCATENATE(Scores!A54,"+++",Scores!C54) -> Kentucky+++Southern Mississippi | B54: =Scores!B54 -> 31 | C54: {=XLOOKUP(LEFT(A54,SEARCH("+",A54)-1),'Offensive Data'!$A$2:$A$134,'Offensive Data'!$D$2:$X$134)} -> 13.9 | D54: 26 | E54: 53.5 | F54: 184.8 | G54: 1.3 | H54: 36.9 | I54: 145.6 | J54: 3.9 | K54: 0.9 | L54: 62.9 | M54: 330.4 | N54: 5.3 | O54: 7.6 | P54: 9.6 | Q54: 2.3 | R54: 19.4 | S54: 6.3 | T54: 52.1 | U54: 0.5 | V54: 1.4 | W54: 1.9 | X54: {=XLOOKUP(MID(A54, SEARCH("+++", A54) + 3, LEN(A54)),'Defensive Data'!$A$2:$A$134,'Defensive Data'!$D$2:$X$134)} -> 17.4 | Y54: 26.8 | Z54: 65.1 | AA54: 216.5 | AB54: 2 | AC54: 39.5 | AD54: 232.7 | AE54: 5.9 | AF54: 2.6 | AG54: 66.3 | AH54: 449.2 | AI54: 6.8 | AJ54: 9.7 | AK54: 10.9 | AL54: 1.2 | AM54: 21.8 | AN54: 6.2 | AO54: 54.9 | AP54: 0.3 | AQ54: 0.5 | AR54: 0.8
A55: =CONCATENATE(Scores!A55,"+++",Scores!C55) -> Liberty+++Campbell | B55: =Scores!B55 -> 41 | C55: {=XLOOKUP(LEFT(A55,SEARCH("+",A55)-1),'Offensive Data'!$A$2:$A$134,'Offensive Data'!$D$2:$X$134)} -> 13.1 | D55: 24.1 | E55: 54.3 | F55: 167.8 | G55: 1.3 | H55: 45.2 | I55: 250.7 | J55: 5.5 | K55: 2.3 | L55: 69.3 | M55: 418.5 | N55: 6 | O55: 7.5 | P55: 13.8 | Q55: 1.8 | R55: 23.1 | S55: 6.8 | T55: 66.1 | U55: 0.9 | V55: 0.6 | W55: 1.5 | X55: {=XLOOKUP(MID(A55, SEARCH("+++", A55) + 3, LEN(A55)),'Defensive Data'!$A$2:$A$134,'Defensive Data'!$D$2:$X$134)} -> #N/A
A56: =CONCATENATE(Scores!A56,"+++",Scores!C56) -> Louisiana+++Grambling State | B56: =Scores!B56 -> 40 | C56: {=XLOOKUP(LEFT(A56,SEARCH("+",A56)-1),'Offensive Data'!$A$2:$A$134,'Offensive Data'!$D$2:$X$134)} -> 19.2 | D56: 29.4 | E56: 65.3 | F56: 248.7 | G56: 1.6 | H56: 34.6 | I56: 166.4 | J56: 4.8 | K56: 1.9 | L56: 64 | M56: 415.1 | N56: 6.5 | O56: 10.7 | P56: 8.1 | Q56: 1.9 | R56: 20.7 | S56: 5.9 | T56: 48.8 | U56: 0.1 | V56: 0.6 | W56: 0.8 | X56: {=XLOOKUP(MID(A56, SEARCH("+++", A56) + 3, LEN(A56)),'Defensive Data'!$A$2:$A$134,'Defensive Data'!$D$2:$X$134)} -> #N/A
A57: =CONCATENATE(Scores!A57,"+++",Scores!C57) -> Louisiana Tech+++Nicholls State | B57: =Scores!B57 -> 25 | C57: {=XLOOKUP(LEFT(A57,SEARCH("+",A57)-1),'Offensive Data'!$A$2:$A$134,'Offensive Data'!$D$2:$X$134)} -> 19.7 | D57: 31.8 | E57: 62 | F57: 223.7 | G57: 1.4 | H57: 37.2 | I57: 109.2 | J57: 2.9 | K57: 1.1 | L57: 69 | M57: 332.9 | N57: 4.8 | O57: 9.7 | P57: 7.2 | Q57: 1.1 | R57: 17.9 | S57: 5.3 | T57: 50.6 | U57: 1.1 | V57: 0.6 | W57: 1.7 | X57: {=XLOOKUP(MID(A57, SEARCH("+++", A57) + 3, LEN(A57)),'Defensive Data'!$A$2:$A$134,'Defensive Data'!$D$2:$X$134)} -> #N/A
A58: =CONCATENATE(Scores!A58,"+++",Scores!C58) -> Louisville+++Austin Peay | B58: =Scores!B58 -> 62 | C58: {=XLOOKUP(LEFT(A58,SEARCH("+",A58)-1),'Offensive Data'!$A$2:$A$134,'Offensive Data'!$D$2:$X$134)} -> 20.8 | D58: 32.8 | E58: 63.5 | F58: 264.1 | G58: 2 | H58: 32.8 | I58: 185.2 | J58: 5.7 | K58: 2.2 | L58: 65.6 | M58: 449.2 | N58: 6.8 | O58: 11.2 | P58: 8.5 | Q58: 1.5 | R58: 21.2 | S58: 6.2 | T58: 49.4 | U58: 0.4 | V58: 0.5 | W58: 0.8 | X58: {=XLOOKUP(MID(A58, SEARCH("+++", A58) + 3, LEN(A58)),'Defensive Data'!$A$2:$A$134,'Defensive Data'!$D$2:$X$134)} -> #N/A
A59: =CONCATENATE(Scores!A59,"+++",Scores!C59) -> Marshall+++Stony Brook | B59: =Scores!B59 -> 45 | C59: {=XLOOKUP(LEFT(A59,SEARCH("+",A59)-1),'Offensive Data'!$A$2:$A$134,'Offensive Data'!$D$2:$X$134)} -> 14.9 | D59: 25.6 | E59: 58.3 | F59: 181.1 | G59: 2.1 | H59: 39.2 | I59: 201.7 | J59: 5.2 | K59: 1.6 | L59: 64.8 | M59: 382.8 | N59: 5.9 | O59: 7.8 | P59: 10.5 | Q59: 1.6 | R59: 19.8 | S59: 5.4 | T59: 43.5 | U59: 0.5 | V59: 0.3 | W59: 0.8 | X59: {=XLOOKUP(MID(A59, SEARCH("+++", A59) + 3, LEN(A59)),'Defensive Data'!$A$2:$A$134,'Defensive Data'!$D$2:$X$134)} -> #N/A
A60: =CONCATENATE(Scores!A60,"+++",Scores!C60) -> Maryland+++Connecticut | B60: =Scores!B60 -> 50 | C60: {=XLOOKUP(LEFT(A60,SEARCH("+",A60)-1),'Offensive Data'!$A$2:$A$134,'Offensive Data'!$D$2:$X$134)} -> 26.3 | D60: 41.2 | E60: 63.8 | F60: 275.7 | G60: 1.8 | H60: 30.8 | I60: 110.4 | J60: 3.6 | K60: 1.3 | L60: 72 | M60: 386.1 | N60: 5.4 | O60: 13.1 | P60: 6.3 | Q60: 2.2 | R60: 21.5 | S60: 6.4 | T60: 58.6 | U60: 0.5 | V60: 1.2 | W60: 1.7 | X60: {=XLOOKUP(MID(A60, SEARCH("+++", A60) + 3, LEN(A60)),'Defensive Data'!$A$2:$A$134,'Defensive Data'!$D$2:$X$134)} -> 20.6 | Y60: 33.3 | Z60: 61.9 | AA60: 215 | AB60: 1.2 | AC60: 34.8 | AD60: 132.3 | AE60: 3.8 | AF60: 1.2 | AG60: 68.2 | AH60: 347.3 | AI60: 5.1 | AJ60: 8.8 | AK60: 7.4 | AL60: 1.8 | AM60: 18.1 | AN60: 7.7 | AO60: 64.2 | AP60: 0.4 | AQ60: 0.8 | AR60: 1.2
A61: =CONCATENATE(Scores!A61,"+++",Scores!C61) -> Memphis+++North Alabama | B61: =Scores!B61 -> 40 | C61: {=XLOOKUP(LEFT(A61,SEARCH("+",A61)-1),'Offensive Data'!$A$2:$A$134,'Offensive Data'!$D$2:$X$134)} -> 23.8 | D61: 36.8 | E61: 64.7 | F61: 270.5 | G61: 1.9 | H61: 34.5 | I61: 174.1 | J61: 5.1 | K61: 2.5 | L61: 71.3 | M61: 444.5 | N61: 6.2 | O61: 11.5 | P61: 9.4 | Q61: 2.2 | R61: 23.1 | S61: 5.3 | T61: 48 | U61: 0.2 | V61: 0.5 | W61: 0.6 | X61: {=XLOOKUP(MID(A61, SEARCH("+++", A61) + 3, LEN(A61)),'Defensive Data'!$A$2:$A$134,'Defensive Data'!$D$2:$X$134)} -> #N/A
A62: =CONCATENATE(Scores!A62,"+++",Scores!C62) -> Miami (FL)+++Florida | B62: =Scores!B62 -> 41 | C62: {=XLOOKUP(LEFT(A62,SEARCH("+",A62)-1),'Offensive Data'!$A$2:$A$134,'Offensive Data'!$D$2:$X$134)} -> 25.2 | D62: 37.6 | E62: 67.1 | F62: 348.2 | G62: 3.2 | H62: 33.3 | I62: 188.9 | J62: 5.7 | K62: 2.3 | L62: 70.9 | M62: 537.2 | N62: 7.6 | O62: 15 | P62: 10.3 | Q62: 1.7 | R62: 27 | S62: 6.6 | T62: 67.5 | U62: 0.6 | V62: 0.6 | W62: 1.2 | X62: {=XLOOKUP(MID(A62, SEARCH("+++", A62) + 3, LEN(A62)),'Defensive Data'!$A$2:$A$134,'Defensive Data'!$D$2:$X$134)} -> 18.8 | Y62: 32.4 | Z62: 58 | AA62: 227.5 | AB62: 1.4 | AC62: 39.4 | AD62: 149.5 | AE62: 3.8 | AF62: 1.3 | AG62: 71.8 | AH62: 376.9 | AI62: 5.3 | AJ62: 10.5 | AK62: 9.3 | AL62: 1.8 | AM62: 21.7 | AN62: 4.8 | AO62: 44.1 | AP62: 0.8 | AQ62: 1.1 | AR62: 1.9
A63: =CONCATENATE(Scores!A63,"+++",Scores!C63) -> Michigan+++Fresno State | B63: =Scores!B63 -> 30 | C63: {=XLOOKUP(LEFT(A63,SEARCH("+",A63)-1),'Offensive Data'!$A$2:$A$134,'Offensive Data'!$D$2:$X$134)} -> 14.6 | D63: 23.7 | E63: 61.7 | F63: 129.1 | G63: 0.9 | H63: 37.4 | I63: 157.2 | J63: 4.2 | K63: 1.4 | L63: 61.1 | M63: 286.2 | N63: 4.7 | O63: 6.6 | P63: 8.5 | Q63: 1.1 | R63: 16.2 | S63: 4 | T63: 39.5 | U63: 0.5 | V63: 1 | W63: 1.5 | X63: {=XLOOKUP(MID(A63, SEARCH("+++", A63) + 3, LEN(A63)),'Defensive Data'!$A$2:$A$134,'Defensive Data'!$D$2:$X$134)} -> 19.7 | Y63: 36.1 | Z63: 54.6 | AA63: 216.2 | AB63: 1.6 | AC63: 36.5 | AD63: 139.4 | AE63: 3.8 | AF63: 1.1 | AG63: 72.5 | AH63: 355.6 | AI63: 4.9 | AJ63: 9.9 | AK63: 8.5 | AL63: 2.4 | AM63: 20.8 | AN63: 6.9 | AO63: 63.1 | AP63: 0.4 | AQ63: 1.2 | AR63: 1.5
A64: =CONCATENATE(Scores!A64,"+++",Scores!C64) -> Middle Tennessee State+++Tennessee Tech | B64: =Scores!B64 -> 32 | C64: {=XLOOKUP(LEFT(A64,SEARCH("+",A64)-1),'Offensive Data'!$A$2:$A$134,'Offensive Data'!$D$2:$X$134)} -> 22.8 | D64: 35.7 | E64: 63.8 | F64: 261.1 | G64: 1.3 | H64: 27.9 | I64: 89 | J64: 3.2 | K64: 0.8 | L64: 63.6 | M64: 350.1 | N64: 5.5 | O64: 11.4 | P64: 4.8 | Q64: 2 | R64: 18.2 | S64: 7.3 | T64: 61.3 | U64: 0.8 | V64: 0.8 | W64: 1.6 | X64: {=XLOOKUP(MID(A64, SEARCH("+++", A64) + 3, LEN(A64)),'Defensive Data'!$A$2:$A$134,'Defensive Data'!$D$2:$X$134)} -> #N/A
A65: =CONCATENATE(Scores!A65,"+++",Scores!C65) -> Mississippi+++Furman | B65: =Scores!B65 -> 76 | C65: {=XLOOKUP(LEFT(A65,SEARCH("+",A65)-1),'Offensive Data'!$A$2:$A$134,'Offensive Data'!$D$2:$X$134)} -> #N/A | X65: {=XLOOKUP(MID(A65, SEARCH("+++", A65) + 3, LEN(A65)),'Defensive Data'!$A$2:$A$134,'Defensive Data'!$D$2:$X$134)} -> #N/A
A66: =CONCATENATE(Scores!A66,"+++",Scores!C66) -> Mississippi State+++Eastern Kentucky | B66: =Scores!B66 -> 56 | C66: {=XLOOKUP(LEFT(A66,SEARCH("+",A66)-1),'Offensive Data'!$A$2:$A$134,'Offensive Data'!$D$2:$X$134)} -> 17.9 | D66: 30.7 | E66: 58.4 | F66: 239.3 | G66: 1.6 | H66: 34.9 | I66: 137.9 | J66: 3.9 | K66: 1.6 | L66: 65.6 | M66: 377.2 | N66: 5.8 | O66: 10.2 | P66: 7.8 | Q66: 2.3 | R66: 20.3 | S66: 6.8 | T66: 60.3 | U66: 0.8 | V66: 0.7 | W66: 1.5 | X66: {=XLOOKUP(MID(A66, SEARCH("+++", A66) + 3, LEN(A66)),'Defensive Data'!$A$2:$A$134,'Defensive Data'!$D$2:$X$134)} -> #N/A
A67: =CONCATENATE(Scores!A67,"+++",Scores!C67) -> Navy+++Bucknell | B67: =Scores!B67 -> 49 | C67: {=XLOOKUP(LEFT(A67,SEARCH("+",A67)-1),'Offensive Data'!$A$2:$A$134,'Offensive Data'!$D$2:$X$134)} -> 7.6 | D67: 13.8 | E67: 55.3 | F67: 123.8 | G67: 1.2 | H67: 45.5 | I67: 247.5 | J67: 5.4 | K67: 2.9 | L67: 59.3 | M67: 371.3 | N67: 6.3 | O67: 4.8 | P67: 11.4 | Q67: 0.8 | R67: 17 | S67: 5.1 | T67: 45 | U67: 0.6 | V67: 0.5 | W67: 1.1 | X67: {=XLOOKUP(MID(A67, SEARCH("+++", A67) + 3, LEN(A67)),'Defensive Data'!$A$2:$A$134,'Defensive Data'!$D$2:$X$134)} -> #N/A
A68: =CONCATENATE(Scores!A68,"+++",Scores!C68) -> Nebraska+++Texas-El Paso | B68: =Scores!B68 -> 40 | C68: {=XLOOKUP(LEFT(A68,SEARCH("+",A68)-1),'Offensive Data'!$A$2:$A$134,'Offensive Data'!$D$2:$X$134)} -> 22.2 | D68: 33.5 | E68: 66.2 | F68: 228.4 | G68: 1 | H68: 34.5 | I68: 130.6 | J68: 3.8 | K68: 1.7 | L68: 67.9 | M68: 359 | N68: 5.3 | O68: 10.5 | P68: 8.4 | Q68: 2.8 | R68: 21.8 | S68: 6.2 | T68: 53.2 | U68: 0.5 | V68: 0.9 | W68: 1.5 | X68: {=XLOOKUP(MID(A68, SEARCH("+++", A68) + 3, LEN(A68)),'Defensive Data'!$A$2:$A$134,'Defensive Data'!$D$2:$X$134)} -> #N/A
A69: =CONCATENATE(Scores!A69,"+++",Scores!C69) -> Nevada+++Troy | B69: =Scores!B69 -> 28 | C69: {=XLOOKUP(LEFT(A69,SEARCH("+",A69)-1),'Offensive Data'!$A$2:$A$134,'Offensive Data'!$D$2:$X$134)} -> 19 | D69: 28.2 | E69: 67.5 | F69: 212.6 | G69: 1.5 | H69: 35.5 | I69: 163.5 | J69: 4.6 | K69: 1.6 | L69: 63.7 | M69: 376.1 | N69: 5.9 | O69: 9 | P69: 8.8 | Q69: 1.7 | R69: 19.5 | S69: 7.6 | T69: 71.9 | U69: 0.5 | V69: 0.6 | W69: 1.2 | X69: {=XLOOKUP(MID(A69, SEARCH("+++", A69) + 3, LEN(A69)),'Defensive Data'!$A$2:$A$134,'Defensive Data'!$D$2:$X$134)} -> 18.5 | Y69: 27.7 | Z69: 66.9 | AA69: 221.6 | AB69: 1.1 | AC69: 33.8 | AD69: 145.3 | AE69: 4.3 | AF69: 2 | AG69: 61.4 | AH69: 366.9 | AI69: 6 | AJ69: 8.9 | AK69: 7.3 | AL69: 2.9 | AM69: 19.2 | AN69: 5.8 | AO69: 51.9 | AP69: 0.3 | AQ69: 0.5 | AR69: 0.8
A70: =CONCATENATE(Scores!A70,"+++",Scores!C70) -> Nevada-Las Vegas+++Houston | B70: =Scores!B70 -> 27 | C70: {=XLOOKUP(LEFT(A70,SEARCH("+",A70)-1),'Offensive Data'!$A$2:$A$134,'Offensive Data'!$D$2:$X$134)} -> #N/A | X70: {=XLOOKUP(MID(A70, SEARCH("+++", A70) + 3, LEN(A70)),'Defensive Data'!$A$2:$A$134,'Defensive Data'!$D$2:$X$134)} -> 16.6 | Y70: 27.8 | Z70: 59.8 | AA70: 188.8 | AB70: 1.5 | AC70: 34.7 | AD70: 135.9 | AE70: 3.9 | AF70: 1.2 | AG70: 62.4 | AH70: 324.8 | AI70: 5.2 | AJ70: 8.6 | AK70: 7.5 | AL70: 1.8 | AM70: 17.8 | AN70: 4.5 | AO70: 42.3 | AP70: 0.6 | AQ70: 1 | AR70: 1.6
A71: =CONCATENATE(Scores!A71,"+++",Scores!C71) -> New Mexico State+++Southeast Missouri State | B71: =Scores!B71 -> 23 | C71: {=XLOOKUP(LEFT(A71,SEARCH("+",A71)-1),'Offensive Data'!$A$2:$A$134,'Offensive Data'!$D$2:$X$134)} -> 11.8 | D71: 26.7 | E71: 44.1 | F71: 143.2 | G71: 1 | H71: 41.3 | I71: 180 | J71: 4.4 | K71: 1.3 | L71: 67.9 | M71: 323.2 | N71: 4.8 | O71: 7.3 | P71: 9.3 | Q71: 2.8 | R71: 19.3 | S71: 5.4 | T71: 48.1 | U71: 0.9 | V71: 1 | W71: 1.9 | X71: {=XLOOKUP(MID(A71, SEARCH("+++", A71) + 3, LEN(A71)),'Defensive Data'!$A$2:$A$134,'Defensive Data'!$D$2:$X$134)} -> #N/A
A72: =CONCATENATE(Scores!A72,"+++",Scores!C72) -> North Texas+++South Alabama | B72: =Scores!B72 -> 52 | C72: {=XLOOKUP(LEFT(A72,SEARCH("+",A72)-1),'Offensive Data'!$A$2:$A$134,'Offensive Data'!$D$2:$X$134)} -> 27.2 | D72: 43.2 | E72: 62.8 | F72: 328.2 | G72: 2.5 | H72: 29.5 | I72: 160.6 | J72: 5.4 | K72: 1.8 | L72: 72.8 | M72: 488.8 | N72: 6.7 | O72: 14.5 | P72: 6.7 | Q72: 2.6 | R72: 23.8 | S72: 7 | T72: 59.5 | U72: 0.6 | V72: 1.1 | W72: 1.7 | X72: {=XLOOKUP(MID(A72, SEARCH("+++", A72) + 3, LEN(A72)),'Defensive Data'!$A$2:$A$134,'Defensive Data'!$D$2:$X$134)} -> 21.4 | Y72: 33.1 | Z72: 64.7 | AA72: 248.8 | AB72: 1.4 | AC72: 35 | AD72: 142.2 | AE72: 4.1 | AF72: 1.5 | AG72: 68.1 | AH72: 391 | AI72: 5.7 | AJ72: 11.1 | AK72: 7.8 | AL72: 2.2 | AM72: 21.1 | AN72: 5.4 | AO72: 48.3 | AP72: 0.3 | AQ72: 1.2 | AR72: 1.5
A73: =CONCATENATE(Scores!A73,"+++",Scores!C73) -> Northern Illinois+++Western Illinois | B73: =Scores!B73 -> 54 | C73: {=XLOOKUP(LEFT(A73,SEARCH("+",A73)-1),'Offensive Data'!$A$2:$A$134,'Offensive Data'!$D$2:$X$134)} -> 16.6 | D73: 28.5 | E73: 58.2 | F73: 178.5 | G73: 1.2 | H73: 43.2 | I73: 203.8 | J73: 4.7 | K73: 1.7 | L73: 71.8 | M73: 382.2 | N73: 5.3 | O73: 8.8 | P73: 10.5 | Q73: 2.1 | R73: 21.5 | S73: 4.2 | T73: 42.8 | U73: 0.7 | V73: 0.6 | W73: 1.3 | X73: {=XLOOKUP(MID(A73, SEARCH("+++", A73) + 3, LEN(A73)),'Defensive Data'!$A$2:$A$134,'Defensive Data'!$D$2:$X$134)} -> #N/A
A74: =CONCATENATE(Scores!A74,"+++",Scores!C74) -> Northwestern+++Miami (OH) | B74: =Scores!B74 -> 13 | C74: {=XLOOKUP(LEFT(A74,SEARCH("+",A74)-1),'Offensive Data'!$A$2:$A$134,'Offensive Data'!$D$2:$X$134)} -> 17.5 | D74: 32.6 | E74: 53.7 | F74: 185.9 | G74: 0.6 | H74: 29.6 | I74: 98.5 | J74: 3.3 | K74: 1 | L74: 62.2 | M74: 284.4 | N74: 4.6 | O74: 8.3 | P74: 6.3 | Q74: 1.3 | R74: 16 | S74: 4.8 | T74: 38.3 | U74: 0.6 | V74: 0.9 | W74: 1.5 | X74: {=XLOOKUP(MID(A74, SEARCH("+++", A74) + 3, LEN(A74)),'Defensive Data'!$A$2:$A$134,'Defensive Data'!$D$2:$X$134)} -> 19.1 | Y74: 33.1 | Z74: 57.8 | AA74: 194.3 | AB74: 0.7 | AC74: 35.1 | AD74: 137.1 | AE74: 3.9 | AF74: 1.4 | AG74: 68.2 | AH74: 331.4 | AI74: 4.9 | AJ74: 10.1 | AK74: 8.3 | AL74: 1.8 | AM74: 20.2 | AN74: 4.9 | AO74: 41.9 | AP74: 0.7 | AQ74: 0.9 | AR74: 1.6
A75: =CONCATENATE(Scores!A75,"+++",Scores!C75) -> Notre Dame+++Texas A&M | B75: =Scores!B75 -> 23 | C75: {=XLOOKUP(LEFT(A75,SEARCH("+",A75)-1),'Offensive Data'!$A$2:$A$134,'Offensive Data'!$D$2:$X$134)} -> 18.5 | D75: 27.8 | E75: 66.5 | F75: 198.1 | G75: 1.5 | H75: 35.5 | I75: 200.9 | J75: 5.7 | K75: 2.8 | L75: 63.3 | M75: 399.1 | N75: 6.3 | O75: 9.4 | P75: 9.2 | Q75: 1.8 | R75: 20.4 | S75: 5.8 | T75: 50.9 | U75: 0.4 | V75: 0.5 | W75: 0.9 | X75: {=XLOOKUP(MID(A75, SEARCH("+++", A75) + 3, LEN(A75)),'Defensive Data'!$A$2:$A$134,'Defensive Data'!$D$2:$X$134)} -> 17.5 | Y75: 32.9 | Z75: 53.3 | AA75: 232.2 | AB75: 1.5 | AC75: 34 | AD75: 135.2 | AE75: 4 | AF75: 1.1 | AG75: 66.9 | AH75: 367.3 | AI75: 5.5 | AJ75: 9.5 | AK75: 7.8 | AL75: 2.3 | AM75: 19.6 | AN75: 6.2 | AO75: 51.8 | AP75: 0.3 | AQ75: 1.2 | AR75: 1.5
A76: =CONCATENATE(Scores!A76,"+++",Scores!C76) -> Ohio State+++Akron | B76: =Scores!B76 -> 52 | C76: {=XLOOKUP(LEFT(A76,SEARCH("+",A76)-1),'Offensive Data'!$A$2:$A$134,'Offensive Data'!$D$2:$X$134)} -> 20.3 | D76: 28.4 | E76: 71.4 | F76: 263 | G76: 2.3 | H76: 33.4 | I76: 166.4 | J76: 5 | K76: 2.1 | L76: 61.8 | M76: 429.4 | N76: 6.9 | O76: 11.4 | P76: 8.4 | Q76: 0.9 | R76: 20.8 | S76: 4.5 | T76: 40.8 | U76: 0.4 | V76: 0.6 | W76: 1 | X76: {=XLOOKUP(MID(A76, SEARCH("+++", A76) + 3, LEN(A76)),'Defensive Data'!$A$2:$A$134,'Defensive Data'!$D$2:$X$134)} -> 18.4 | Y76: 28.6 | Z76: 64.4 | AA76: 231.1 | AB76: 2 | AC76: 39.7 | AD76: 183.3 | AE76: 4.6 | AF76: 1.9 | AG76: 68.3 | AH76: 414.4 | AI76: 6.1 | AJ76: 10.2 | AK76: 8.7 | AL76: 1.6 | AM76: 20.4 | AN76: 6.7 | AO76: 53.4 | AP76: 0.6 | AQ76: 0.3 | AR76: 0.8
A77: =CONCATENATE(Scores!A77,"+++",Scores!C77) -> Oklahoma State+++South Dakota State | B77: =Scores!B77 -> 44 | C77: {=XLOOKUP(LEFT(A77,SEARCH("+",A77)-1),'Offensive Data'!$A$2:$A$134,'Offensive Data'!$D$2:$X$134)} -> 22.3 | D77: 37.4 | E77: 59.5 | F77: 262.3 | G77: 1.8 | H77: 29.8 | I77: 111.8 | J77: 3.7 | K77: 1.6 | L77: 67.3 | M77: 374 | N77: 5.6 | O77: 12.1 | P77: 6.8 | Q77: 1.6 | R77: 20.4 | S77: 5 | T77: 43.4 | U77: 0.5 | V77: 1.4 | W77: 1.9 | X77: {=XLOOKUP(MID(A77, SEARCH("+++", A77) + 3, LEN(A77)),'Defensive Data'!$A$2:$A$134,'Defensive Data'!$D$2:$X$134)} -> #N/A
A78: =CONCATENATE(Scores!A78,"+++",Scores!C78) -> Oregon+++Idaho | B78: =Scores!B78 -> 24 | C78: {=XLOOKUP(LEFT(A78,SEARCH("+",A78)-1),'Offensive Data'!$A$2:$A$134,'Offensive Data'!$D$2:$X$134)} -> 23.9 | D78: 32.9 | E78: 72.8 | F78: 279.5 | G78: 2.1 | H78: 35.6 | I78: 157.9 | J78: 4.4 | K78: 2.1 | L78: 68.5 | M78: 437.4 | N78: 6.4 | O78: 12.5 | P78: 9.1 | Q78: 1.5 | R78: 23.1 | S78: 5.3 | T78: 41.4 | U78: 0.4 | V78: 0.4 | W78: 0.8 | X78: {=XLOOKUP(MID(A78, SEARCH("+++", A78) + 3, LEN(A78)),'Defensive Data'!$A$2:$A$134,'Defensive Data'!$D$2:$X$134)} -> #N/A
A79: =CONCATENATE(Scores!A79,"+++",Scores!C79) -> Oregon State+++Idaho State | B79: =Scores!B79 -> 38 | C79: {=XLOOKUP(LEFT(A79,SEARCH("+",A79)-1),'Offensive Data'!$A$2:$A$134,'Offensive Data'!$D$2:$X$134)} -> 18 | D79: 30 | E79: 60 | F79: 201.4 | G79: 0.6 | H79: 40.3 | I79: 189.2 | J79: 4.7 | K79: 2.4 | L79: 70.3 | M79: 390.6 | N79: 5.6 | O79: 9.2 | P79: 11.1 | Q79: 2.1 | R79: 22.3 | S79: 5.1 | T79: 45.7 | U79: 0.4 | V79: 0.9 | W79: 1.3 | X79: {=XLOOKUP(MID(A79, SEARCH("+++", A79) + 3, LEN(A79)),'Defensive Data'!$A$2:$A$134,'Defensive Data'!$D$2:$X$134)} -> #N/A
A80: =CONCATENATE(Scores!A80,"+++",Scores!C80) -> Penn State+++West Virginia | B80: =Scores!B80 -> 34 | C80: {=XLOOKUP(LEFT(A80,SEARCH("+",A80)-1),'Offensive Data'!$A$2:$A$134,'Offensive Data'!$D$2:$X$134)} -> 18.3 | D80: 27.3 | E80: 66.8 | F80: 227.9 | G80: 1.9 | H80: 38.4 | I80: 202.3 | J80: 5.3 | K80: 2.2 | L80: 65.8 | M80: 430.2 | N80: 6.5 | O80: 11.1 | P80: 10.5 | Q80: 1.4 | R80: 22.9 | S80: 5.3 | T80: 50.3 | U80: 0.3 | V80: 0.6 | W80: 0.9 | X80: {=XLOOKUP(MID(A80, SEARCH("+++", A80) + 3, LEN(A80)),'Defensive Data'!$A$2:$A$134,'Defensive Data'!$D$2:$X$134)} -> 19 | Y80: 29.7 | Z80: 64 | AA80: 270.8 | AB80: 2 | AC80: 34.2 | AD80: 144.4 | AE80: 4.2 | AF80: 2.2 | AG80: 63.8 | AH80: 415.2 | AI80: 6.5 | AJ80: 12 | AK80: 8.4 | AL80: 1.4 | AM80: 21.8 | AN80: 5.9 | AO80: 51.1 | AP80: 0.5 | AQ80: 0.4 | AR80: 0.8
A81: =CONCATENATE(Scores!A81,"+++",Scores!C81) -> Pittsburgh+++Kent State | B81: =Scores!B81 -> 55 | C81: {=XLOOKUP(LEFT(A81,SEARCH("+",A81)-1),'Offensive Data'!$A$2:$A$134,'Offensive Data'!$D$2:$X$134)} -> #N/A | X81: {=XLOOKUP(MID(A81, SEARCH("+++", A81) + 3, LEN(A81)),'Defensive Data'!$A$2:$A$134,'Defensive Data'!$D$2:$X$134)} -> #N/A
A82: =CONCATENATE(Scores!A82,"+++",Scores!C82) -> Purdue+++Indiana State | B82: =Scores!B82 -> 49 | C82: {=XLOOKUP(LEFT(A82,SEARCH("+",A82)-1),'Offensive Data'!$A$2:$A$134,'Offensive Data'!$D$2:$X$134)} -> 15.8 | D82: 27.4 | E82: 57.4 | F82: 183.9 | G82: 1.1 | H82: 28.9 | I82: 115.3 | J82: 4 | K82: 0.8 | L82: 56.3 | M82: 299.3 | N82: 5.3 | O82: 8.3 | P82: 5.4 | Q82: 0.9 | R82: 14.6 | S82: 5.5 | T82: 51.8 | U82: 0.8 | V82: 0.8 | W82: 1.6 | X82: {=XLOOKUP(MID(A82, SEARCH("+++", A82) + 3, LEN(A82)),'Defensive Data'!$A$2:$A$134,'Defensive Data'!$D$2:$X$134)} -> #N/A
A83: =CONCATENATE(Scores!A83,"+++",Scores!C83) -> Sam Houston+++Rice | B83: =Scores!B83 -> 34 | C83: {=XLOOKUP(LEFT(A83,SEARCH("+",A83)-1),'Offensive Data'!$A$2:$A$134,'Offensive Data'!$D$2:$X$134)} -> 16.7 | D83: 26.9 | E83: 62 | F83: 168.2 | G83: 1.2 | H83: 42.8 | I83: 179.8 | J83: 4.2 | K83: 1.6 | L83: 69.8 | M83: 347.9 | N83: 5 | O83: 8 | P83: 9.5 | Q83: 1.4 | R83: 18.8 | S83: 4.6 | T83: 37.9 | U83: 0.5 | V83: 0.7 | W83: 1.2 | X83: {=XLOOKUP(MID(A83, SEARCH("+++", A83) + 3, LEN(A83)),'Defensive Data'!$A$2:$A$134,'Defensive Data'!$D$2:$X$134)} -> 15 | Y83: 27.1 | Z83: 55.4 | AA83: 173.8 | AB83: 1.5 | AC83: 39.3 | AD83: 160.6 | AE83: 4.1 | AF83: 1.4 | AG83: 66.3 | AH83: 334.4 | AI83: 5 | AJ83: 7.2 | AK83: 9.1 | AL83: 1.6 | AM83: 17.8 | AN83: 6.2 | AO83: 59 | AP83: 0.3 | AQ83: 0.7 | AR83: 1
A84: =CONCATENATE(Scores!A84,"+++",Scores!C84) -> San Diego State+++Texas A&M-Commerce | B84: =Scores!B84 -> 45 | C84: {=XLOOKUP(LEFT(A84,SEARCH("+",A84)-1),'Offensive Data'!$A$2:$A$134,'Offensive Data'!$D$2:$X$134)} -> 19.5 | D84: 31.3 | E84: 62.4 | F84: 205.7 | G84: 1.3 | H84: 35.3 | I84: 128.9 | J84: 3.6 | K84: 1.1 | L84: 66.6 | M84: 334.6 | N84: 5 | O84: 9.5 | P84: 6.9 | Q84: 2.1 | R84: 18.5 | S84: 9.1 | T84: 81.8 | U84: 0.1 | V84: 0.7 | W84: 0.8 | X84: {=XLOOKUP(MID(A84, SEARCH("+++", A84) + 3, LEN(A84)),'Defensive Data'!$A$2:$A$134,'Defensive Data'!$D$2:$X$134)} -> #N/A
A85: =CONCATENATE(Scores!A85,"+++",Scores!C85) -> South Carolina+++Old Dominion | B85: =Scores!B85 -> 23 | C85: {=XLOOKUP(LEFT(A85,SEARCH("+",A85)-1),'Offensive Data'!$A$2:$A$134,'Offensive Data'!$D$2:$X$134)} -> 17.2 | D85: 26.3 | E85: 65.5 | F85: 223.4 | G85: 1.6 | H85: 42.4 | I85: 184.4 | J85: 4.4 | K85: 2 | L85: 68.7 | M85: 407.8 | N85: 5.9 | O85: 9.6 | P85: 10.3 | Q85: 1.6 | R85: 21.5 | S85: 6.7 | T85: 58 | U85: 1.1 | V85: 0.5 | W85: 1.6 | X85: {=XLOOKUP(MID(A85, SEARCH("+++", A85) + 3, LEN(A85)),'Defensive Data'!$A$2:$A$134,'Defensive Data'!$D$2:$X$134)} -> 19 | Y85: 31.2 | Z85: 61 | AA85: 237.8 | AB85: 1.9 | AC85: 40.4 | AD85: 172.6 | AE85: 4.3 | AF85: 1.5 | AG85: 71.6 | AH85: 410.4 | AI85: 5.7 | AJ85: 9.8 | AK85: 9.7 | AL85: 1.8 | AM85: 21.3 | AN85: 5.9 | AO85: 49.2 | AP85: 0.4 | AQ85: 1 | AR85: 1.4
A86: =CONCATENATE(Scores!A86,"+++",Scores!C86) -> South Florida+++Bethune-Cookman | B86: =Scores!B86 -> 48 | C86: {=XLOOKUP(LEFT(A86,SEARCH("+",A86)-1),'Offensive Data'!$A$2:$A$134,'Offensive Data'!$D$2:$X$134)} -> 20.2 | D86: 34.1 | E86: 59.1 | F86: 227.5 | G86: 1.2 | H86: 37.8 | I86: 180.2 | J86: 4.8 | K86: 2.6 | L86: 71.9 | M86: 407.7 | N86: 5.7 | O86: 10 | P86: 8.2 | Q86: 2.2 | R86: 20.4 | S86: 8.1 | T86: 70.9 | U86: 0.6 | V86: 0.8 | W86: 1.4 | X86: {=XLOOKUP(MID(A86, SEARCH("+++", A86) + 3, LEN(A86)),'Defensive Data'!$A$2:$A$134,'Defensive Data'!$D$2:$X$134)} -> #N/A
A87: =CONCATENATE(Scores!A87,"+++",Scores!C87) -> Southern Methodist+++Houston Baptist | B87: =Scores!B87 -> 59 | C87: {=XLOOKUP(LEFT(A87,SEARCH("+",A87)-1),'Offensive Data'!$A$2:$A$134,'Offensive Data'!$D$2:$X$134)} -> #N/A | X87: {=XLOOKUP(MID(A87, SEARCH("+++", A87) + 3, LEN(A87)),'Defensive Data'!$A$2:$A$134,'Defensive Data'!$D$2:$X$134)} -> #N/A
A88: =CONCATENATE(Scores!A88,"+++",Scores!C88) -> Syracuse+++Ohio | B88: =Scores!B88 -> 38 | C88: {=XLOOKUP(LEFT(A88,SEARCH("+",A88)-1),'Offensive Data'!$A$2:$A$134,'Offensive Data'!$D$2:$X$134)} -> 30.2 | D88: 46 | E88: 65.7 | F88: 370 | G88: 2.6 | H88: 30.9 | I88: 97.6 | J88: 3.2 | K88: 1.7 | L88: 76.9 | M88: 467.6 | N88: 6.1 | O88: 17.8 | P88: 6.5 | Q88: 1.8 | R88: 26 | S88: 7.1 | T88: 59.2 | U88: 0.2 | V88: 0.9 | W88: 1.2 | X88: {=XLOOKUP(MID(A88, SEARCH("+++", A88) + 3, LEN(A88)),'Defensive Data'!$A$2:$A$134,'Defensive Data'!$D$2:$X$134)} -> 18.9 | Y88: 31 | Z88: 61.1 | AA88: 212.6 | AB88: 1.1 | AC88: 30.7 | AD88: 90.6 | AE88: 2.9 | AF88: 1 | AG88: 61.7 | AH88: 303.1 | AI88: 4.9 | AJ88: 9.8 | AK88: 5.8 | AL88: 1 | AM88: 16.6 | AN88: 5.7 | AO88: 52.4 | AP88: 0.6 | AQ88: 0.8 | AR88: 1.4
A89: =CONCATENATE(Scores!A89,"+++",Scores!C89) -> Tennessee+++Chattanooga | B89: =Scores!B89 -> 69 | C89: {=XLOOKUP(LEFT(A89,SEARCH("+",A89)-1),'Offensive Data'!$A$2:$A$134,'Offensive Data'!$D$2:$X$134)} -> 18.2 | D89: 28.8 | E89: 63.1 | F89: 221.2 | G89: 1.6 | H89: 44.9 | I89: 225.8 | J89: 5 | K89: 2.6 | L89: 73.7 | M89: 447 | N89: 6.1 | O89: 10.4 | P89: 11.6 | Q89: 1.4 | R89: 23.4 | S89: 8.1 | T89: 66.8 | U89: 0.6 | V89: 0.5 | W89: 1.2 | X89: {=XLOOKUP(MID(A89, SEARCH("+++", A89) + 3, LEN(A89)),'Defensive Data'!$A$2:$A$134,'Defensive Data'!$D$2:$X$134)} -> #N/A
A90: =CONCATENATE(Scores!A90,"+++",Scores!C90) -> Texas+++Colorado State | B90: =Scores!B90 -> 52 | C90: {=XLOOKUP(LEFT(A90,SEARCH("+",A90)-1),'Offensive Data'!$A$2:$A$134,'Offensive Data'!$D$2:$X$134)} -> 22.3 | D90: 33.8 | E90: 66 | F90: 278.8 | G90: 2.5 | H90: 36.6 | I90: 158.8 | J90: 4.3 | K90: 1.6 | L90: 70.4 | M90: 437.5 | N90: 6.2 | O90: 11.8 | P90: 8.6 | Q90: 1.8 | R90: 22.1 | S90: 6.4 | T90: 51.8 | U90: 0.8 | V90: 0.9 | W90: 1.6 | X90: {=XLOOKUP(MID(A90, SEARCH("+++", A90) + 3, LEN(A90)),'Defensive Data'!$A$2:$A$134,'Defensive Data'!$D$2:$X$134)} -> 20.2 | Y90: 32.9 | Z90: 61.2 | AA90: 234.7 | AB90: 1.5 | AC90: 35.2 | AD90: 159.8 | AE90: 4.5 | AF90: 1.6 | AG90: 68.1 | AH90: 394.5 | AI90: 5.8 | AJ90: 10.4 | AK90: 7.8 | AL90: 1.8 | AM90: 20 | AN90: 6.7 | AO90: 56.2 | AP90: 0.8 | AQ90: 0.8 | AR90: 1.6
A91: =CONCATENATE(Scores!A91,"+++",Scores!C91) -> Texas State+++Lamar | B91: =Scores!B91 -> 34 | C91: {=XLOOKUP(LEFT(A91,SEARCH("+",A91)-1),'Offensive Data'!$A$2:$A$134,'Offensive Data'!$D$2:$X$134)} -> 23 | D91: 32.9 | E91: 69.9 | F91: 268.7 | G91: 2.4 | H91: 40.7 | I91: 208.2 | J91: 5.1 | K91: 2.1 | L91: 73.6 | M91: 476.9 | N91: 6.5 | O91: 12.4 | P91: 12.1 | Q91: 1.6 | R91: 26.1 | S91: 6.8 | T91: 64.2 | U91: 0.7 | V91: 1.1 | W91: 1.8 | X91: {=XLOOKUP(MID(A91, SEARCH("+++", A91) + 3, LEN(A91)),'Defensive Data'!$A$2:$A$134,'Defensive Data'!$D$2:$X$134)} -> #N/A
A92: =CONCATENATE(Scores!A92,"+++",Scores!C92) -> Texas Tech+++Abilene Christian | B92: =Scores!B92 -> 52 | C92: {=XLOOKUP(LEFT(A92,SEARCH("+",A92)-1),'Offensive Data'!$A$2:$A$134,'Offensive Data'!$D$2:$X$134)} -> 25.8 | D92: 41.2 | E92: 62.7 | F92: 296.7 | G92: 2.4 | H92: 36.5 | I92: 166 | J92: 4.6 | K92: 2 | L92: 77.7 | M92: 462.7 | N92: 6 | O92: 13.4 | P92: 9.5 | Q92: 1.6 | R92: 24.5 | S92: 7.3 | T92: 60.9 | U92: 0.8 | V92: 0.8 | W92: 1.6 | X92: {=XLOOKUP(MID(A92, SEARCH("+++", A92) + 3, LEN(A92)),'Defensive Data'!$A$2:$A$134,'Defensive Data'!$D$2:$X$134)} -> #N/A
A93: =CONCATENATE(Scores!A93,"+++",Scores!C93) -> Texas-San Antonio+++Kennesaw State | B93: =Scores!B93 -> 28 | C93: {=XLOOKUP(LEFT(A93,SEARCH("+",A93)-1),'Offensive Data'!$A$2:$A$134,'Offensive Data'!$D$2:$X$134)} -> #N/A | X93: {=XLOOKUP(MID(A93, SEARCH("+++", A93) + 3, LEN(A93)),'Defensive Data'!$A$2:$A$134,'Defensive Data'!$D$2:$X$134)} -> 20.3 | Y93: 30.1 | Z93: 67.3 | AA93: 236.8 | AB93: 1.8 | AC93: 38.2 | AD93: 175.9 | AE93: 4.6 | AF93: 2.1 | AG93: 68.3 | AH93: 412.7 | AI93: 6 | AJ93: 9.8 | AK93: 9.9 | AL93: 1.4 | AM93: 21.1 | AN93: 5.3 | AO93: 50.5 | AP93: 0.7 | AQ93: 0.3 | AR93: 1
A94: =CONCATENATE(Scores!A94,"+++",Scores!C94) -> UCLA+++Hawaii | B94: =Scores!B94 -> 16 | C94: {=XLOOKUP(LEFT(A94,SEARCH("+",A94)-1),'Offensive Data'!$A$2:$A$134,'Offensive Data'!$D$2:$X$134)} -> 21.6 | D94: 33.2 | E94: 65.1 | F94: 242.2 | G94: 1.4 | H94: 28.2 | I94: 86.6 | J94: 3.1 | K94: 0.3 | L94: 61.3 | M94: 328.8 | N94: 5.4 | O94: 11.3 | P94: 5.2 | Q94: 1.5 | R94: 18 | S94: 8.2 | T94: 68.9 | U94: 0.5 | V94: 0.9 | W94: 1.4 | X94: {=XLOOKUP(MID(A94, SEARCH("+++", A94) + 3, LEN(A94)),'Defensive Data'!$A$2:$A$134,'Defensive Data'!$D$2:$X$134)} -> 19.9 | Y94: 30.5 | Z94: 65.3 | AA94: 211.3 | AB94: 1.5 | AC94: 35.5 | AD94: 165.7 | AE94: 4.7 | AF94: 1.7 | AG94: 66 | AH94: 376.9 | AI94: 5.7 | AJ94: 9.3 | AK94: 8.5 | AL94: 2.6 | AM94: 20.3 | AN94: 6.9 | AO94: 68.3 | AP94: 0.4 | AQ94: 0.5 | AR94: 0.9
A95: =CONCATENATE(Scores!A95,"+++",Scores!C95) -> Utah State+++Robert Morris | B95: =Scores!B95 -> 36 | C95: {=XLOOKUP(LEFT(A95,SEARCH("+",A95)-1),'Offensive Data'!$A$2:$A$134,'Offensive Data'!$D$2:$X$134)} -> 24.5 | D95: 38.2 | E95: 64.2 | F95: 269.1 | G95: 2.4 | H95: 35.2 | I95: 198.6 | J95: 5.6 | K95: 1.8 | L95: 73.3 | M95: 467.7 | N95: 6.4 | O95: 11.7 | P95: 9 | Q95: 1.8 | R95: 22.5 | S95: 7.8 | T95: 73.8 | U95: 0.4 | V95: 1.4 | W95: 1.8 | X95: {=XLOOKUP(MID(A95, SEARCH("+++", A95) + 3, LEN(A95)),'Defensive Data'!$A$2:$A$134,'Defensive Data'!$D$2:$X$134)} -> #N/A
A96: =CONCATENATE(Scores!A96,"+++",Scores!C96) -> Vanderbilt+++Virginia Tech | B96: =Scores!B96 -> 34 | C96: {=XLOOKUP(LEFT(A96,SEARCH("+",A96)-1),'Offensive Data'!$A$2:$A$134,'Offensive Data'!$D$2:$X$134)} -> 13.8 | D96: 23.4 | E96: 58.9 | F96: 178.6 | G96: 1.6 | H96: 36.5 | I96: 139.8 | J96: 3.8 | K96: 1.4 | L96: 59.9 | M96: 318.4 | N96: 5.3 | O96: 8.2 | P96: 8.1 | Q96: 1.9 | R96: 18.2 | S96: 5.6 | T96: 54.4 | U96: 0.2 | V96: 0.3 | W96: 0.5 | X96: {=XLOOKUP(MID(A96, SEARCH("+++", A96) + 3, LEN(A96)),'Defensive Data'!$A$2:$A$134,'Defensive Data'!$D$2:$X$134)} -> 16.8 | Y96: 30.8 | Z96: 54.8 | AA96: 215.9 | AB96: 1.5 | AC96: 37.5 | AD96: 147.1 | AE96: 3.9 | AF96: 1.3 | AG96: 68.3 | AH96: 363 | AI96: 5.3 | AJ96: 9.2 | AK96: 8.2 | AL96: 1.5 | AM96: 18.9 | AN96: 6 | AO96: 54.3 | AP96: 0.8 | AQ96: 1.2 | AR96: 1.9
A97: =CONCATENATE(Scores!A97,"+++",Scores!C97) -> Virginia+++Richmond | B97: =Scores!B97 -> 34 | C97: {=XLOOKUP(LEFT(A97,SEARCH("+",A97)-1),'Offensive Data'!$A$2:$A$134,'Offensive Data'!$D$2:$X$134)} -> 20.5 | D97: 33.4 | E97: 61.3 | F97: 229 | G97: 1.3 | H97: 36 | I97: 131.9 | J97: 3.7 | K97: 1.2 | L97: 69.4 | M97: 360.9 | N97: 5.2 | O97: 9.7 | P97: 8.3 | Q97: 1.6 | R97: 19.5 | S97: 5.2 | T97: 45.3 | U97: 0.4 | V97: 1.2 | W97: 1.6 | X97: {=XLOOKUP(MID(A97, SEARCH("+++", A97) + 3, LEN(A97)),'Defensive Data'!$A$2:$A$134,'Defensive Data'!$D$2:$X$134)} -> #N/A
A98: =CONCATENATE(Scores!A98,"+++",Scores!C98) -> Washington+++Weber State | B98: =Scores!B98 -> 35 | C98: {=XLOOKUP(LEFT(A98,SEARCH("+",A98)-1),'Offensive Data'!$A$2:$A$134,'Offensive Data'!$D$2:$X$134)} -> 23.2 | D98: 32.1 | E98: 72.4 | F98: 261.7 | G98: 1.7 | H98: 32.5 | I98: 128.8 | J98: 4 | K98: 1.1 | L98: 64.6 | M98: 390.5 | N98: 6 | O98: 11.5 | P98: 8 | Q98: 1.2 | R98: 20.7 | S98: 5.8 | T98: 51.8 | U98: 0.3 | V98: 0.6 | W98: 0.9 | X98: {=XLOOKUP(MID(A98, SEARCH("+++", A98) + 3, LEN(A98)),'Defensive Data'!$A$2:$A$134,'Defensive Data'!$D$2:$X$134)} -> #N/A
A99: =CONCATENATE(Scores!A99,"+++",Scores!C99) -> Washington State+++Portland State | B99: =Scores!B99 -> 70 | C99: {=XLOOKUP(LEFT(A99,SEARCH("+",A99)-1),'Offensive Data'!$A$2:$A$134,'Offensive Data'!$D$2:$X$134)} -> 20.2 | D99: 30.7 | E99: 65.9 | F99: 276.1 | G99: 2.5 | H99: 36.2 | I99: 166.8 | J99: 4.6 | K99: 2.2 | L99: 66.8 | M99: 442.8 | N99: 6.6 | O99: 11.8 | P99: 9.1 | Q99: 2 | R99: 22.9 | S99: 6.2 | T99: 57.8 | U99: 0.4 | V99: 0.7 | W99: 1.1 | X99: {=XLOOKUP(MID(A99, SEARCH("+++", A99) + 3, LEN(A99)),'Defensive Data'!$A$2:$A$134,'Defensive Data'!$D$2:$X$134)} -> #N/A
A100: =CONCATENATE(Scores!A100,"+++",Scores!C100) -> Southern California+++Louisiana State | B100: =Scores!B100 -> 27 | C100: {=XLOOKUP(LEFT(A100,SEARCH("+",A100)-1),'Offensive Data'!$A$2:$A$134,'Offensive Data'!$D$2:$X$134)} -> #N/A | X100: {=XLOOKUP(MID(A100, SEARCH("+++", A100) + 3, LEN(A100)),'Defensive Data'!$A$2:$A$134,'Defensive Data'!$D$2:$X$134)} -> #N/A
...

Sheet Scores
A1: Winner | B1: Pts | C1: Loser | D1: Pts
A2: Georgia Tech | B2: 24 | C2: Florida State | D2: 21
A3: Montana State | B3: 35 | C3: New Mexico | D3: 31
A4: Southern Methodist | B4: 29 | C4: Nevada | D4: 24
A5: Hawaii | B5: 35 | C5: Delaware State | D5: 14
A6: Alabama-Birmingham | B6: 41 | C6: Alcorn State | D6: 3
A7: Arkansas | B7: 70 | C7: Arkansas-Pine Bluff | D7: 0
A8: Bowling Green | B8: 41 | C8: Fordham | D8: 17
A9: Buffalo | B9: 30 | C9: Lafayette | D9: 13
A10: Central Florida | B10: 57 | C10: New Hampshire | D10: 3
A11: Central Michigan | B11: 66 | C11: Central Connecticut State | D11: 10
A12: Coastal Carolina | B12: 55 | C12: Jacksonville State | D12: 27
A13: Colorado | B13: 31 | C13: North Dakota State | D13: 26
... A501: New Mexico | B501: 50 | C501: Utah State | D501: 45

Sheet Offensive Data
A1: School | B1: G | C1: Pts | D1: Cmp | E1: Att | F1: Pct | G1: Yds | H1: TD | I1: Att | J1: Yds | K1: Avg | L1: TD | M1: Plays | N1: Yds | O1: Avg | P1: Pass | Q1: Rush | R1: Pen | S1: Tot | T1: No. | U1: Yds | V1: Fum | W1: Int | X1: Tot
A2: Miami (FL) | B2: 13 | C2: 43.9 | D2: 25.2 | E2: 37.6 | F2: 67.1 | G2: 348.2 | H2: 3.2 | I2: 33.3 | J2: 188.9 | K2: 5.7 | L2: 2.3 | M2: 70.9 | N2: 537.2 | O2: 7.6 | P2: 15 | Q2: 10.3 | R2: 1.7 | S2: 27 | T2: 6.6 | U2: 67.5 | V2: 0.6 | W2: 0.6 | X2: 1.2
A3: Indiana | B3: 13 | C3: 41.3 | D3: 18.9 | E3: 27.8 | F3: 68.1 | G3: 261.3 | H3: 2.5 | I3: 37.8 | J3: 165.1 | K3: 4.4 | L3: 2.8 | M3: 65.5 | N3: 426.4 | O3: 6.5 | P3: 11.9 | Q3: 10 | R3: 1.6 | S3: 23.5 | T3: 4.8 | U3: 43.9 | V3: 0.2 | W3: 0.5 | X3: 0.7
A4: Ole Miss | B4: 13 | C4: 38.6 | D4: 22.7 | E4: 33.4 | F4: 68 | G4: 350.8 | H4: 2.4 | I4: 38.5 | J4: 175.7 | K4: 4.6 | L4: 2.2 | M4: 71.8 | N4: 526.5 | O4: 7.3 | P4: 13.5 | Q4: 9.9 | R4: 1.3 | S4: 24.8 | T4: 7.2 | U4: 72 | V4: 0.5 | W4: 0.5 | X4: 1
A5: Texas Tech | B5: 13 | C5: 37.6 | D5: 25.8 | E5: 41.2 | F5: 62.7 | G5: 296.7 | H5: 2.4 | I5: 36.5 | J5: 166 | K5: 4.6 | L5: 2 | M5: 77.7 | N5: 462.7 | O5: 6 | P5: 13.4 | Q5: 9.5 | R5: 1.6 | S5: 24.5 | T5: 7.3 | U5: 60.9 | V5: 0.8 | W5: 0.8 | X5: 1.6
A6: Boise State | B6: 14 | C6: 37.3 | D6: 18.6 | E6: 29.6 | F6: 62.9 | G6: 225.6 | H6: 1.6 | I6: 39.6 | J6: 240.4 | K6: 6.1 | L6: 3.1 | M6: 69.3 | N6: 466 | O6: 6.7 | P6: 11 | Q6: 10.9 | R6: 1.6 | S6: 23.4 | T6: 5.4 | U6: 46.2 | V6: 0.4 | W6: 0.5 | X6: 0.9
A7: Washington State | B7: 13 | C7: 36.6 | D7: 20.2 | E7: 30.7 | F7: 65.9 | G7: 276.1 | H7: 2.5 | I7: 36.2 | J7: 166.8 | K7: 4.6 | L7: 2.2 | M7: 66.8 | N7: 442.8 | O7: 6.6 | P7: 11.8 | Q7: 9.1 | R7: 2 | S7: 22.9 | T7: 6.2 | U7: 57.8 | V7: 0.4 | W7: 0.7 | X7: 1.1
A8: Louisville | B8: 13 | C8: 36.5 | D8: 20.8 | E8: 32.8 | F8: 63.5 | G8: 264.1 | H8: 2 | I8: 32.8 | J8: 185.2 | K8: 5.7 | L8: 2.2 | M8: 65.6 | N8: 449.2 | O8: 6.8 | P8: 11.2 | Q8: 8.5 | R8: 1.5 | S8: 21.2 | T8: 6.2 | U8: 49.4 | V8: 0.4 | W8: 0.5 | X8: 0.8
A9: SMU | B9: 14 | C9: 36.5 | D9: 19.9 | E9: 31.1 | F9: 63.8 | G9: 261.9 | H9: 2 | I9: 38.7 | J9: 167.6 | K9: 4.3 | L9: 2.1 | M9: 69.9 | N9: 429.5 | O9: 6.1 | P9: 11.4 | Q9: 9.5 | R9: 1.9 | S9: 22.8 | T9: 8.1 | U9: 77.7 | V9: 0.9 | W9: 0.9 | X9: 1.7
A10: Texas State | B10: 13 | C10: 36.5 | D10: 23 | E10: 32.9 | F10: 69.9 | G10: 268.7 | H10: 2.4 | I10: 40.7 | J10: 208.2 | K10: 5.1 | L10: 2.1 | M10: 73.6 | N10: 476.9 | O10: 6.5 | P10: 12.4 | Q10: 12.1 | R10: 1.6 | S10: 26.1 | T10: 6.8 | U10: 64.2 | V10: 0.7 | W10: 1.1 | X10: 1.8
A11: Notre Dame | B11: 16 | C11: 36.1 | D11: 18.5 | E11: 27.8 | F11: 66.5 | G11: 198.1 | H11: 1.5 | I11: 35.5 | J11: 200.9 | K11: 5.7 | L11: 2.8 | M11: 63.3 | N11: 399.1 | O11: 6.3 | P11: 9.4 | Q11: 9.2 | R11: 1.8 | S11: 20.4 | T11: 5.8 | U11: 50.9 | V11: 0.4 | W11: 0.5 | X11: 0.9
A12: Jacksonville State | B12: 14 | C12: 36 | D12: 13.5 | E12: 22.4 | F12: 60.2 | G12: 190.4 | H12: 1 | I12: 46.1 | J12: 251.2 | K12: 5.4 | L12: 3.6 | M12: 68.6 | N12: 441.6 | O12: 6.4 | P12: 7.6 | Q12: 12.8 | R12: 2.4 | S12: 22.7 | T12: 5.9 | U12: 57.7 | V12: 0.6 | W12: 0.5 | X12: 1.1
A13: Memphis | B13: 13 | C13: 35.7 | D13: 23.8 | E13: 36.8 | F13: 64.7 | G13: 270.5 | H13: 1.9 | I13: 34.5 | J13: 174.1 | K13: 5.1 | L13: 2.5 | M13: 71.3 | N13: 444.5 | O13: 6.2 | P13: 11.5 | Q13: 9.4 | R13: 2.2 | S13: 23.1 | T13: 5.3 | U13: 48 | V13: 0.2 | W13: 0.5 | X13: 0.6
... A135: Kent State | B135: 12 | C135: 13.9 | D135: 11.6 | E135: 24.5 | F135: 47.3 | G135: 156.3 | H135: 1.5 | I135: 32.6 | J135: 76.9 | K135: 2.4 | L135: 0.3 | M135: 57.1 | N135: 233.3 | O135: 4.1 | P135: 5.8 | Q135: 5.1 | R135: 2.1 | S135: 13 | T135: 4.9 | U135: 35.8 | V135: 0.6 | W135: 1.1 | X135: 1.7

Sheet Defensive Data
A1: School | B1: G | C1: Pts | D1: Cmp | E1: Att | F1: Pct | G1: Yds | H1: TD | I1: Att | J1: Yds | K1: Avg | L1: TD | M1: Plays | N1: Yds | O1: Avg | P1: Pass | Q1: Rush | R1: Pen | S1: Tot | T1: No. | U1: Yds | V1: Fum | W1: Int | X1: TO
A2: Ohio State | B2: 16 | C2: 12.9 | D2: 16.7 | E2: 27.6 | F2: 60.4 | G2: 167 | H2: 0.6 | I2: 33.1 | J2: 87.6 | K2: 2.6 | L2: 0.8 | M2: 60.8 | N2: 254.6 | O2: 4.2 | P2: 7.3 | Q2: 6.1 | R2: 1.7 | S2: 15.1 | T2: 3.7 | U2: 29.2 | V2: 0.6 | W2: 0.6 | X2: 1.2
A3: Ole Miss | B3: 13 | C3: 14.4 | D3: 20.5 | E3: 34.4 | F3: 59.7 | G3: 230.8 | H3: 1 | I3: 35.1 | J3: 80.5 | K3: 2.3 | L3: 0.5 | M3: 69.5 | N3: 311.2 | O3: 4.5 | P3: 10.2 | Q3: 5.8 | R3: 2.5 | S3: 18.6 | T3: 6.2 | U3: 53.8 | V3: 0.8 | W3: 0.9 | X3: 1.8
A4: Texas | B4: 16 | C4: 15.3 | D4: 18.3 | E4: 30.6 | F4: 59.7 | G4: 173.8 | H4: 0.6 | I4: 33.9 | J4: 109.6 | K4: 3.2 | L4: 0.9 | M4: 64.4 | N4: 283.4 | O4: 4.4 | P4: 8.4 | Q4: 6.5 | R4: 1.5 | S4: 16.4 | T4: 5.6 | U4: 47.8 | V4: 0.6 | W4: 1.4 | X4: 1.9
A5: Army | B5: 14 | C5: 15.5 | D5: 18.1 | E5: 28.7 | F5: 62.9 | G5: 185.9 | H5: 1.1 | I5: 27.2 | J5: 112 | K5: 4.1 | L5: 0.9 | M5: 55.9 | N5: 297.9 | O5: 5.3 | P5: 8.4 | Q5: 7 | R5: 0.9 | S5: 16.4 | T5: 4.6 | U5: 40.5 | V5: 0.1 | W5: 1.3 | X5: 1.4
A6: Notre Dame | B6: 16 | C6: 15.5 | D6: 14.7 | E6: 28.2 | F6: 52.1 | G6: 169.4 | H6: 0.9 | I6: 36.5 | J6: 138.1 | K6: 3.8 | L6: 1 | M6: 64.7 | N6: 307.4 | O6: 4.8 | P6: 7.4 | Q6: 7.9 | R6: 1.8 | S6: 17 | T6: 5.4 | U6: 48.3 | V6: 0.9 | W6: 1.2 | X6: 2.1
A7: Indiana | B7: 13 | C7: 15.6 | D7: 19.1 | E7: 30.5 | F7: 62.5 | G7: 176.1 | H7: 0.8 | I7: 29.2 | J7: 81.2 | K7: 2.8 | L7: 0.9 | M7: 59.8 | N7: 257.2 | O7: 4.3 | P7: 8 | Q7: 5.2 | R7: 1.5 | S7: 14.8 | T7: 5.8 | U7: 44.9 | V7: 0.7 | W7: 1.2 | X7: 1.8
A8: Tennessee | B8: 13 | C8: 16.1 | D8: 17.2 | E8: 29.3 | F8: 58.8 | G8: 189.3 | H8: 0.8 | I8: 35 | J8: 103.9 | K8: 3 | L8: 1 | M8: 64.3 | N8: 293.2 | O8: 4.6 | P8: 8.8 | Q8: 6.6 | R8: 1.9 | S8: 17.3 | T8: 6.8 | U8: 53.2 | V8: 0.7 | W8: 0.9 | X8: 1.6
A9: Penn State | B9: 16 | C9: 16.5 | D9: 17.8 | E9: 29.7 | F9: 60 | G9: 192.9 | H9: 1.1 | I9: 33.4 | J9: 101.9 | K9: 3.1 | L9: 0.6 | M9: 63.1 | N9: 294.8 | O9: 4.7 | P9: 8.8 | Q9: 7.2 | R9: 1.6 | S9: 17.6 | T9: 4.4 | U9: 33.9 | V9: 0.4 | W9: 1.3 | X9: 1.6
A10: Minnesota | B10: 13 | C10: 16.9 | D10: 16.9 | E10: 28.7 | F10: 59 | G10: 176.1 | H10: 0.8 | I10: 31.3 | J10: 109.6 | K10: 3.5 | L10: 1.1 | M10: 60 | N10: 285.7 | O10: 4.8 | P10: 8.5 | Q10: 5.9 | R10: 1.5 | S10: 16 | T10: 5 | U10: 49.1 | V10: 0.3 | W10: 1.3 | X10: 1.6
A11: Alabama | B11: 13 | C11: 17.4 | D11: 18.2 | E11: 30.4 | F11: 59.7 | G11: 182.2 | H11: 1 | I11: 37.5 | J11: 137.8 | K11: 3.7 | L11: 0.8 | M11: 67.8 | N11: 320.1 | O11: 4.7 | P11: 8.6 | Q11: 7.7 | R11: 2.5 | S11: 18.8 | T11: 5.8 | U11: 47.8 | V11: 0.8 | W11: 1.3 | X11: 2.2
A12: Iowa | B12: 13 | C12: 17.8 | D12: 20 | E12: 32.3 | F12: 61.9 | G12: 203.1 | H12: 1.5 | I12: 31.2 | J12: 115.3 | K12: 3.7 | L12: 0.3 | M12: 63.5 | N12: 318.4 | O12: 5 | P12: 9.5 | Q12: 7.2 | R12: 1.1 | S12: 17.7 | T12: 5.7 | U12: 44.7 | V12: 0.6 | W12: 1.2 | X12: 1.8
A13: Ohio | B13: 14 | C13: 18.1 | D13: 18.9 | E13: 31 | F13: 61.1 | G13: 212.6 | H13: 1.1 | I13: 30.7 | J13: 90.6 | K13: 2.9 | L13: 1 | M13: 61.7 | N13: 303.1 | O13: 4.9 | P13: 9.8 | Q13: 5.8 | R13: 1 | S13: 16.6 | T13: 5.7 | U13: 52.4 | V13: 0.6 | W13: 0.8 | X13: 1.4
... A135: Kent State | B135: 12 | C135: 44.1 | D135: 18.8 | E135: 28.8 | F135: 65.3 | G135: 251.1 | H135: 2.3 | I135: 44.9 | J135: 264.9 | K135: 5.9 | L135: 3 | M135: 73.8 | N135: 516 | O135: 7 | P135: 11.3 | Q135: 13.3 | R135: 1.8 | S135: 26.4 | T135: 5.9 | U135: 56.3 | V135: 0.6 | W135: 0.3 | X135: 0.9
